lat, lon,theta,x,y,psi,vel,psi_dot,??,???
35.1948699926,-97.438696590743.5827118302,2.18646227519,9.67076880225,-15144.3899324,0.00107009261904,1810.79012439,3921.40581275,-3915.22506211,0.160877266163
35.1948733217,-97.438707055844.4033579032,0.314492264256,11.4614611221,-18272.8200813,2.43040831704E-05,2182.40504025,4917.67403153,-4911.47577652,0.000808147958667
35.1948737753,-97.438718098844.14155949,-9.83293518178,7.75854172228,-20591.2291088,5.17610369522E-07,1865.50731496,5692.41498434,-5686.21635473,-1.52032595335E-06
35.1948767343,-97.438732287145.9996814295,1.81939413655,-2.68935258994,-24477.9967315,1.10236322097E-08,3248.98093279,7054.93852988,-7048.73989229,-5.13735088095E-06
35.1948775552,-97.438743043246.6435314059,-4.57202571707,-1.93205777726,-27723.7014365,2.3472696018E-10,2866.62007941,8239.03274021,-8232.83410246,-5.15350918871E-06
35.1948790106,-97.438756671647.1890966677,0.656404665447,-5.26183226982,-30879.324791,5.05829564824E-12,2964.64549263,9431.53982731,-9425.34118956,-5.15358137259E-06
35.1948799488,-97.438771921247.7892141822,9.78874069933,-4.18317052681,-34022.4758234,1.96268410972E-13,3165.63581235,10657.7923137,-10651.593676,-5.15358169506E-06
35.1948799974,-97.438784419648.2106645549,12.3566902086,-1.80535562119,-36988.6142291,2.14281778929E-13,2154.38536866,11845.8196635,-11839.6210257,-5.1535816965E-06
35.1948850256,-97.43879893149.2577665495,8.98813298188,-8.21132334993,-40244.2428419,1.38499422549E-13,3673.4943666,13177.6732485,-13171.4746108,-5.1535816965E-06
35.1948852858,-97.438808054149.9894210995,9.08843544413,-9.26293122515,-43315.9006428,1.25445594965E-13,4227.63629223,14467.4916565,-14461.2930187,-5.1535816965E-06
35.1948889301,-97.438825246351.1524234729,8.77881687984,-21.5804159125,-46403.5585746,1.21452683598E-13,4660.18608445,15788.3708871,-15782.1722494,-5.1535816965E-06
35.1948899446,-97.438836500751.5367352788,4.99000455575,-21.6723281833,-49539.9646723,1.08936751586E-13,4510.84787884,17148.8231398,-17142.624502,-5.1535816965E-06
35.1948917044,-97.438851569551.9386450614,-10.6532313688,-26.7516799384,-52649.564265,8.28484262782E-14,4511.93250797,18514.995716,-18508.7970782,-5.1535816965E-06
35.1948928381,-97.438863455852.2125074564,-16.2461005556,-27.7096781874,-55591.5501247,1.13010632837E-13,2955.42549749,19826.7514108,-19820.5527731,-5.1535816965E-06
35.1948928968,-97.438876703753.2562062076,-18.0494509646,-25.4692177176,-58818.1453181,1.1813206739E-13,4799.03190442,21286.5515362,-21280.3528985,-5.1535816965E-06
35.1948962218,-97.438893212153.9748973113,-11.8334193272,-12.0195492005,-61887.700628,1.25225461421E-13,5083.67088492,22689.1140776,-22682.9154398,-5.1535816965E-06
35.1948966753,-97.438905787454.7000769138,-9.48230745153,-2.26146398543,-64937.9746814,1.38093384087E-13,5330.39289209,24093.7795953,-24087.5809576,-5.1535816965E-06
35.1948986414,-97.438923353455.2506700444,-4.53833940185,-6.67547052861,-68015.8518015,1.60166121514E-13,5376.48568838,25523.5216143,-25517.3229765,-5.1535816965E-06
35.1948999297,-97.438935344755.3620181485,-14.7552961106,-23.7989410343,-70902.1878534,1.47299199607E-13,3796.9836579,26871.2314324,-26865.0327947,-5.1535816965E-06
35.1948999964,-97.438950851256.7835858308,-12.3140445834,-26.3489116802,-74082.0788921,1.4041387074E-13,6010.23782444,28368.7659281,-28362.5672903,-5.1535816965E-06
35.1949035724,-97.438964458656.9187948584,-12.6537727268,-23.5297856987,-77061.6762533,1.32434636754E-13,7084.91584872,29779.4928945,-29773.2942568,-5.1535816965E-06
35.1949042625,-97.438979970958.1405131269,-5.24101237121,-31.1276547496,-80131.536006,5.14283916931E-05,6630.23303842,31237.6623885,-31231.4495335,0.00986401006216
35.194904298,-97.438994153658.2328002308,-14.1455155676,-21.9382821984,-83223.0487698,-0.00450531748906,5985.60597394,32717.0517749,-32710.8767396,-1.07427293783
35.1949092697,-97.439006772955.734207069,-28.5797914682,-20.6833558595,-86253.0200628,-0.0111455971644,6316.52206428,34166.3080984,-34161.1461986,-1.43150872961
35.1949099621,-97.439022748348.6351813361,-30.7953134163,-13.2406377454,-89244.4573295,-0.000444341432142,3461.14763628,35601.0656791,-35596.1200346,-0.0375360542909
35.1949108919,-97.439031478442.2331765703,-29.5607427391,-24.0339920579,-92532.2866774,-1.45289132004E-05,6340.40408006,37185.3169691,-37180.3795607,-0.000725799561068
35.1949119427,-97.43904469135.7290803324,-25.4195843408,-30.9251784692,-95672.0113178,-3.98727909608E-07,7859.44338123,38704.7068809,-38699.7697136,-1.41693768461E-05
35.194911999,-97.439055988329.3913749254,-25.0567160907,-23.3226406798,-98820.4951833,0.00261930243584,5275.07456282,40228.3998637,-40223.1921246,0.479282325434
35.1949156039,-97.43906182725.0665247994,-16.204000252,-17.6078551969,-102390.441355,0.00292381164937,6988.59206913,41961.7267968,-41956.308871,0.50295287078
35.194917667,-97.439063832121.5793974191,-22.7847920554,-27.4735170464,-105763.444708,0.000193788735574,7149.89101733,43600.8192033,-43595.3140835,0.0132039100614
35.1949198793,-97.439069520617.5193469223,-20.6578763833,-26.4452781589,-109048.373166,4.15356843508E-06,4183.73455901,45203.014174,-45197.5060548,6.54799685076E-05
35.1949223538,-97.43907531615.440139686,-8.75819118062,-33.4078934251,-112565.022568,8.84598926315E-08,8536.55292578,46919.1103155,-46913.6021322,5.41202379186E-06
35.1949233459,-97.43907963611.1308407047,4.13971113783,-39.4313287232,-116127.94361,1.88396376698E-09,7620.794821,48663.1883376,-48657.680153,5.14368272242E-06
35.1949265544,-97.43907997178.05585334787,3.31908264164,-40.7378900823,-119409.16019,4.02563751269E-11,6063.19283949,50268.3699775,-50262.8617929,5.14248396442E-06
35.1949278843,-97.43907999784.18596781818,10.0277851761,-32.2596583433,-123210.340828,6.59651134104E-13,7964.73922871,52131.0651558,-52125.5569712,5.14247860922E-06
35.1949298905,-97.4390799998355.658491473,9.66117844805,-31.3656976868,-123703.445946,6.51864836179E-13,68.3877125012,52546.1208744,-52540.6126898,5.14247858529E-06
35.1949333261,-97.43908353.757288223,9.63700122376,-31.3726178409,-123731.485646,6.42024710452E-13,49.6312274138,52558.9437157,-52553.4355311,5.14247858519E-06
35.1949347237,-97.43908350.131928105,9.2465237828,-31.3173596618,-123796.960974,6.52513565914E-13,169.584914767,52589.3647906,-52583.856606,5.14247858519E-06
35.1949384055,-97.4390735991347.031927079,9.13368413539,-31.1591895291,-123885.905805,6.41427493056E-13,394.926254963,52631.4972995,-52625.9891148,5.14247858519E-06
35.1949399175,-97.4390702797343.186813454,8.98480240935,-31.2656099971,-124028.704235,6.50967087463E-13,332.449562948,52699.9156945,-52694.4075099,5.14247858519E-06
35.1949423218,-97.4390646237339.711942334,9.11093414024,-31.3563362299,-124197.247697,6.56667008763E-13,413.715620065,52781.2443906,-52775.736206,5.14247858519E-06
35.1949434648,-97.4390614881336.344783371,9.2181859938,-30.5023682639,-124396.874713,6.41442151232E-13,555.504679295,52877.9421878,-52872.4340032,5.14247858519E-06
35.1949461533,-97.4390537148332.961896792,8.88486751822,-30.2033654888,-124627.252744,6.76868966945E-13,780.329279224,52989.9456902,-52984.4375056,5.14247858519E-06
35.1949479461,-97.4390424479329.296203677,8.93149570675,-30.6406956416,-124913.157023,6.32115160898E-13,663.909655001,53129.2615293,-53123.7533446,5.14247858519E-06
35.1949498954,-97.4390323471326.385179279,9.40043804611,-30.5856717023,-125214.103775,0.0012450983075,851.658530584,53276.2250346,-53270.5568495,0.102562709841
35.1949517377,-97.4390241335323.967092173,8.84371230051,-29.3990210176,-125534.663396,2.69233104036E-05,540.890861902,53433.2001471,-53427.5126301,0.000513955386983
35.1949537881,-97.4390139204321.5841627,9.49272234467,-30.4477954129,-125899.628799,5.73392863425E-07,1067.09665857,53612.0441143,-53606.3561824,-9.95450469356E-07
35.1949538942,-97.439000563318.93185391,7.38487070614,-29.094958252,-126295.714948,1.22113206559E-08,925.143812793,53806.4591087,-53800.7711679,-3.29588640211E-06
35.1949575031,-97.4389923448316.609930301,6.98762599453,-28.1474921327,-126694.924799,2.60616404943E-10,1128.80306705,54002.2533961,-53996.5654552,-3.30616312193E-06
35.1949576925,-97.4389761128315.222674822,6.60768708251,-28.6117808253,-127130.622332,0.0043707095766,1043.17839021,54216.6429063,-54210.4980813,0.467381528119
35.1949596107,-97.4389653149315.714384753,6.48646547418,-26.5432922639,-127558.779657,9.30985936097E-05,1047.07303355,54428.2519374,-54422.0397387,0.00208516897206
35.1949599832,-97.4389540219316.599917758,7.7649346164,-25.2305866982,-127976.694135,-0.0153665452764,1129.79863891,54634.9433194,-54629.0244238,-3.04255023211
35.1949624115,-97.4389419863322.87762745,8.29186498921,-24.6922640783,-128372.493055,-0.0121004007762,906.355991054,54833.1358085,-54828.437173,-1.97688109527
35.1949652451,-97.4389356836333.73914919,8.61025231362,-25.2727642062,-128667.038107,-0.0045478017248,662.564752124,54983.7848388,-54979.5837797,-0.711109012305
35.1949653923,-97.4389344072346.293753951,8.95943968335,-25.3980178975,-128841.925953,-0.00217798383022,351.90979662,55076.0835273,-55072.0910993,-0.3437412354
35.1949654017,-97.4389343078122.437329115,9.17809810922,-27.0879068034,-129274.491396,0.0190666830355,3670.74721221,55179.6920735,-55175.5924575,4.50860808919
35.1949694227,-97.438934299811.0392422124,14.7760213778,-23.4566297051,-132571.941107,0.00542380275943,9677.74672079,56754.5646708,-56749.0095141,0.504767738397
35.1949699703,-97.438934300713.520074645,20.3037793035,-13.4445718344,-135968.923363,0.000117250906573,5179.78445595,58436.7420489,-58431.1026446,0.00241603410423
35.1949727897,-97.438936580418.1760210213,24.6096040876,-15.1276910183,-139550.292462,2.49738796796E-06,9008.24052399,60208.68989,-60203.0486783,9.33825477812E-06
35.1949729886,-97.438939731621.5437139966,28.5605155597,-18.4218017935,-142994.125731,0.00171732773982,8432.41180862,61912.8640334,-61907.1134552,0.267941654036
35.1949766026,-97.438947191423.9549485724,31.8369587906,-13.810244644,-146223.38818,3.90379797129E-05,5100.47582282,63509.102356,-63503.3242532,0.0014171505259
35.1949776102,-97.438955134927.6308831353,33.6097044014,-27.672799444,-149691.175104,5.2770383134E-05,8893.53579142,65226.0657919,-65220.2583217,0.00267418900138
35.1949798763,-97.438961542330.981180971,32.0223561285,-35.7356628468,-152977.980793,1.1244354747E-06,9493.42072808,66851.7909885,-66845.9827048,1.2097792349E-05
35.1949799936,-97.438967330532.7856246252,22.2923924372,-43.7985400078,-156273.819794,2.39478640871E-08,9400.2820144,68479.7704887,-68473.9621876,1.44158443524E-07
35.194984172,-97.438976193435.8782886084,20.8087650831,-36.3161534457,-159617.705857,5.10507796881E-10,8104.85627779,70134.98492,-70129.1766186,9.07580663166E-08
35.1949843882,-97.438985057439.8249768168,31.935186785,-46.7925262245,-162795.166744,9.96528276077E-12,9124.0633219,71704.5071496,-71698.6988481,9.05195112204E-08
35.1949897095,-97.438994112541.3799009667,40.4213810352,-43.7285382671,-166068.811263,5.07337093231E-05,7967.44233817,73323.3365158,-73317.5002474,0.0035764195693
35.194989985,-97.439004895744.5171395509,38.2268108914,-43.1189951897,-169194.469535,1.08132427296E-06,8751.83787573,74869.4553504,-74863.6182997,1.92499214817E-05
35.1949919027,-97.43901744345.8910746486,34.300678539,-44.7591700113,-172155.289652,0.00150327240349,6641.59626542,76334.7344262,-76328.8663047,0.413759812621
35.1949920883,-97.439027134248.4726442051,30.2905852613,-46.0369183826,-175538.04331,0.00166662031374,7725.81882431,78008.0388529,-78001.9624911,0.266497939933
35.1949947371,-97.439039872949.7047802563,41.8874140819,-43.059847857,-178689.234759,4.14336494395E-05,7153.13108798,79568.3324831,-79562.2267552,0.00160184021199
35.1949958404,-97.439055613850.5147067541,45.3181802973,-42.7399018567,-181592.473823,0.000492139650076,5244.42853263,81003.2086937,-80997.0731354,0.0631762559648
35.194995897,-97.439066007452.4311862357,46.708504833,-48.4854978984,-184743.737189,1.06535019769E-05,9837.09847835,82562.3014314,-82556.1581904,0.000301266679272
35.1949997877,-97.43908239552.5634572646,47.137983944,-44.5314167038,-187955.815632,2.26889949078E-07,7691.10253057,84149.9232713,-84143.779866,2.27513317898E-06
35.194999989,-97.439094396453.4749900423,58.6124272692,-33.9699316873,-191037.868005,4.8323533952E-09,7712.54047808,85675.506561,-85669.3631522,9.39450534744E-07
35.1950027033,-97.439106776854.0278620866,73.1983792117,-39.8462472323,-193861.908568,1.03671486423E-10,6477.10182601,87070.6108497,-87064.4674409,9.33483649896E-07
35.1950034588,-97.439122650655.3220135045,72.5447711548,-37.4858224528,-197168.286295,1.83796275369E-12,7614.50227896,88707.0242961,-88700.8808873,9.33456994077E-07
35.1950034979,-97.439135718956.4470772755,68.2674868904,-41.5952129566,-200203.230709,1.83119084919E-12,7831.93781516,90206.2655905,-90200.1221817,9.33456874998E-07
35.1950068218,-97.439151956457.6595504076,61.8861134401,-46.4723345556,-203173.637258,1.7886295763E-12,9076.54424351,91675.7283198,-91669.584911,9.33456874466E-07
35.1950072752,-97.439164500358.1318592499,49.0845432227,-61.4942813238,-206293.359184,-0.000644790368177,7510.80897531,93218.1156277,-93211.9769862,-0.155888004979
35.1950072992,-97.439181166759.4808916604,51.201089936,-64.1516993658,-209308.132901,-0.00063835452102,7572.50804011,94707.8215134,-94701.7657504,-0.110839157975
35.1950098612,-97.439194316561.4482884709,41.6487373526,-71.5964386926,-212285.327279,-0.00123954713665,8192.90127053,96182.3242681,-96176.360498,-0.114582352208
35.195009992,-97.439211885963.2048669228,46.4954193789,-70.8788322817,-215311.729925,-0.000433466670945,7400.84273858,97679.8456988,-97673.9467685,-0.0519520254732
35.1950100025,-97.439224720766.2467936056,42.8370271496,-65.8977682039,-218217.480082,-0.00815311159756,8457.08120074,99117.1656271,-99111.4437093,-1.69198450306
35.1950134708,-97.439239054470.1150898341,40.4324378584,-54.3406210745,-221197.444292,-0.00072855365519,7310.68964718,100592.800664,-100587.337342,-0.0658880179717
35.1950149203,-97.439252220675.239148984,31.6424532177,-52.065564635,-224055.275799,-0.00399896005456,7758.70996057,102008.131298,-102002.734867,-0.887932981516
35.1950149962,-97.439264749580.8543288757,33.961628473,-46.9069668242,-226877.444839,-0.000705241995937,7639.98272605,103405.823088,-103400.584741,-0.0907554714586
35.1950149998,-97.439279641487.609174393,33.2615259296,-50.3886388745,-229666.17782,-2.34312248193E-05,7098.49787868,104787.004829,-104781.778715,-0.00142596276045
35.195015,-97.439292774993.0015971406,33.7530880017,-50.3416285518,-232382.18472,-5.29639700613E-07,6677.15712715,106131.623553,-106126.39781,-1.22599474071E-05
35.195015,-97.439307958599.1496045964,38.886539077,-44.7816030885,-234878.402753,-9.29390244107E-05,9251.09034727,107368.86083,-107363.647447,-0.0114751760731
35.1950150008,-97.4393204673103.247832003,28.4866946411,-38.9687315915,-237599.412611,0.00377092249674,6718.20439872,108716.152073,-108710.259372,0.298903055605
35.1950149966,-97.4393429411104.414954325,32.2541412685,-43.2490025364,-240173.016972,0.00142470292931,6431.2482803,109987.642589,-109981.461323,0.128302669792
35.1950149995,-97.4393566044105.098065309,35.4541679314,-49.6133948276,-242724.35904,0.00037669907215,6682.17534057,111252.298054,-111246.071396,0.0593213365739
35.1950111373,-97.4393767998105.364884223,46.8735234503,-44.9505010737,-245289.129092,8.05948370418E-06,6388.79396082,112518.776492,-112512.544004,0.000275914580045
35.1950100589,-97.439393835105.763509979,54.006490963,-51.1481322792,-247840.145431,1.71645265133E-07,6423.20995502,113783.457685,-113777.225073,7.02479310446E-06
35.195010003,-97.4394109021106.445432593,57.858016579,-59.1297174765,-250351.743575,3.65597986652E-09,7035.01848686,115024.756049,-115018.523435,5.82358381837E-06
35.1950100002,-97.439430506106.695641314,70.9415247378,-57.6521580617,-252921.775982,7.79972577898E-11,6510.45970694,116296.175067,-116289.942453,5.81821766533E-06
35.19501,-97.4394456379107.438486103,75.1757297262,-49.6057645683,-255426.181575,1.20597624789E-12,6977.66052595,117536.079478,-117529.846863,5.81819369315E-06
35.19501,-97.4394647665107.268186364,75.5259746684,-42.1867558053,-257748.327809,1.18512839981E-12,6173.85224119,118682.643483,-118676.410868,5.81819358606E-06
35.19501,-97.4394821283107.886706342,84.0488426381,-50.0888744676,-260523.529145,1.06432793534E-12,6294.9539747,120056.168963,-120049.936349,5.81819358558E-06
35.1950075526,-97.4395019538108.768859792,82.6608534798,-53.0717551601,-262998.635563,1.0732779866E-12,7136.36769776,121278.128732,-121271.896118,5.81819358558E-06
35.1950073131,-97.4395168658108.707827658,75.5067320334,-52.3216780366,-265568.607584,1.14017968747E-12,6349.35887449,122549.827151,-122543.594537,5.81819358558E-06
35.1950073007,-97.4395384742109.258470063,73.7401874004,-53.3143223794,-268075.615641,1.10403495032E-12,6474.7169412,123789.935376,-123783.702761,5.81819358558E-06
35.1950073,-97.439553725109.602839801,74.0132850327,-49.7180330461,-270523.10255,1.12653370386E-12,7645.77176105,125000.620957,-124994.388342,5.81819358558E-06
35.1950073007,-97.4395718375109.981223161,73.053136583,-48.1665102937,-273100.86705,-0.00177728015973,6302.02080354,126275.442147,-126269.233438,-0.395047135336
35.1950050662,-97.4395879103111.703816321,69.4644313004,-42.5754746807,-275537.862516,-0.00190378947682,7291.84160442,127479.677668,-127473.737741,-0.265090008233
35.1950035803,-97.4396041406113.980842519,57.5991343511,-38.7692677712,-277978.300157,-0.00104481655333,7893.4641391,128688.582892,-128682.709777,-0.152499530932
35.1950035077,-97.4396196429116.877348892,49.3241235689,-39.2608695625,-280527.720111,-0.00491568371361,6124.13447833,129950.311687,-129944.71805,-0.928301123786
35.1950035002,-97.4396355957121.034248487,47.1292956288,-44.0458824535,-282813.779047,-0.000734835157359,3964.06781159,131082.47895,-131077.013432,-0.0892007181427
35.1950035,-97.439646318125.785733523,46.9726901136,-43.3904964231,-285191.408366,-2.10634420952E-05,3635.91931869,132259.569211,-132254.117458,-0.000787199886457
35.1950003275,-97.4396591806131.349299262,55.5631917817,-39.0140668018,-287512.419816,-4.55512488317E-07,7613.27879154,133407.963317,-133402.511892,-7.55243527038E-06
35.1950000169,-97.4396719756135.499621078,46.9598889439,-39.8664648114,-289775.007435,-9.69938773239E-09,3419.51368014,134530.777558,-134525.32614,-3.6339975896E-06
35.1950000009,-97.439678875140.811888696,45.7978669809,-43.9790472673,-292093.522704,-2.06729359985E-10,5437.74722317,135678.003889,-135672.552471,-3.61649278296E-06
35.1949961853,-97.4396908717146.021389605,45.1678828907,-38.4035482349,-294257.373839,-3.04275459751E-12,5478.47919105,136752.636334,-136747.184916,-3.61641458387E-06
35.1949959148,-97.4397012509150.678838263,47.6432619891,-42.8132903461,-296357.982348,-2.95696413384E-12,5612.15998196,137793.695471,-137788.244052,-3.61641423453E-06
35.1949929652,-97.4397057662155.518763909,42.1123110764,-45.5964126455,-298433.2076,-2.96176498453E-12,5363.82445373,138820.733456,-138815.282037,-3.61641423297E-06
35.1949921438,-97.4397096694160.24059074,41.0699990347,-44.515731946,-300464.400396,0.0102657414122,5022.9366522,139827.623363,-139822.096044,2.48191239172
35.1949906405,-97.4397183072162.310927554,37.3203858656,-44.560721787,-302392.138903,0.00208472909127,6009.45251932,140782.217195,-140776.01741,0.2865911089
35.1949900332,-97.4397281964161.883145613,27.8085874198,-45.9671412947,-304344.882822,4.43990224071E-05,2885.27484798,141747.515021,-141741.283105,0.00128607846814
35.1949851063,-97.4397333163163.164447151,38.0822964125,-45.3925379579,-306355.275777,9.45577154802E-07,5757.94825561,142741.146916,-142734.914316,1.15374905061E-05
35.19498247,-97.4397370784163.114976754,37.6911192086,-42.7182412832,-308370.634137,2.01378715639E-08,4968.01429934,143736.904257,-143730.671643,5.84374335692E-06
35.1949801278,-97.4397397729163.823387376,43.1829086818,-37.3414463965,-310301.03186,4.28169132366E-10,5648.9317817,144692.647687,-144686.415073,5.81830772388E-06
35.1949775345,-97.439748979163.578719308,43.732556354,-33.1465311586,-312217.889963,8.09656614772E-12,2833.66754745,145640.169002,-145633.936387,5.81819409547E-06
35.194976838,-97.4397571329164.450848445,41.4936626827,-37.5835424621,-314248.751158,3.03458451893E-12,5066.49621815,146643.648476,-146637.415861,5.81819358786E-06
35.1949733575,-97.4397611073164.648963538,41.3292646432,-41.7599941847,-316044.063185,2.9752719552E-12,4334.61506496,147530.840485,-147524.60787,5.81819358559E-06
35.1949716777,-97.4397655275165.297679111,41.7435745097,-42.2130651433,-318152.961701,3.09749884043E-12,4955.12094578,148574.222286,-148567.989672,5.81819358558E-06
35.1949700868,-97.4397688281166.068613384,40.2599374993,-36.9171496126,-319972.757351,3.07206511573E-12,7173.15872554,149471.887681,-149465.655066,5.81819358558E-06
35.1949664509,-97.4397739096166.070683597,34.8234073912,-31.959345864,-322042.428516,3.04265774436E-12,4839.80028201,150494.786147,-150488.553532,5.81819358558E-06
35.1949654544,-97.4397795267166.325883311,35.464185151,-27.7953817791,-323804.072892,3.09581092837E-12,4576.4338973,151367.476293,-151361.243678,5.81819358558E-06
35.194960508,-97.439787804167.116045864,32.4494653462,-31.918301582,-325891.383569,3.12893387327E-12,5234.23379634,152398.853024,-152392.620409,5.81819358558E-06
35.1949594368,-97.4397898293167.037134024,32.2547097929,-33.7451988938,-327701.192305,3.13888678607E-12,3866.37104658,153293.481169,-153287.248554,5.81819358558E-06
35.1949577899,-97.4397992096168.053895945,26.3829335657,-31.4436201977,-329736.026746,3.11870910533E-12,5259.18002844,154300.309843,-154294.077229,5.81819358558E-06
35.1949547691,-97.4398025629168.296222951,22.9328890182,-33.1089900844,-331671.283855,3.14081050034E-12,4994.92985205,155258.000036,-155251.767421,5.81819358558E-06
35.194953945,-97.4398039805168.734425307,23.3464355098,-29.9530470903,-333504.477662,3.10029676018E-12,6422.9014236,156163.857457,-156157.624842,5.81819358558E-06
35.1949502737,-97.439808346169.145704966,27.4676291637,-35.8407284299,-335496.406827,3.12485883752E-12,5001.32363679,157150.480842,-157144.248227,5.81819358558E-06
35.194947836,-97.4398098715169.518445313,21.682068518,-36.5811744539,-337405.891451,3.05869660429E-12,4961.40536494,158094.106005,-158087.87339,5.81819358558E-06
35.1949463795,-97.4398183176170.072243352,17.527165748,-35.0464478262,-339295.50849,3.09365414567E-12,5178.27354825,159028.936539,-159022.703924,5.81819358558E-06
35.1949433658,-97.439819873170.749197807,18.6609463775,-27.7862261793,-341175.764181,-0.00524639483753,5433.43767583,159957.213723,-159951.125514,-1.83467722037
35.1949425492,-97.4398283238173.860772821,20.8100831727,-31.2489724343,-343089.369441,-0.00435449026849,4690.8492216,160905.594455,-160900.156244,-0.543882085607
35.1949402364,-97.4398298693179.034737853,20.8410000061,-31.4974919838,-344834.756033,-0.000125287559626,6108.60444548,161768.726335,-161763.362946,-0.0060661468418
35.1949400122,-97.4398299898184.497928443,22.9696978465,-35.5703579525,-346699.971523,-2.72491629296E-06,4447.4630648,162695.336279,-162689.97484,-3.27280062447E-05
35.1949354548,-97.4398299992189.876125792,24.2469901519,-46.9758285724,-348420.296618,-5.80333749989E-08,4292.10352632,163548.527384,-163543.165987,-1.11006604879E-06
35.1949348339,-97.4398235991194.971553874,30.8687301542,-47.9338672002,-349968.120211,-1.23583336993E-09,3345.11483855,164316.047691,-164310.686295,-9.68819466673E-07
35.1949306056,-97.4398202797200.589024926,31.3388175044,-45.9248256511,-351704.265049,-2.59975504423E-11,4019.4803962,165178.694198,-165173.332802,-9.68188476898E-07
35.1949300313,-97.439812181205.490230944,35.4640743532,-45.1264054997,-353195.40001,-3.36351298961E-12,2360.24699934,165918.036038,-165912.674642,-9.68185658083E-07
35.1949276753,-97.4398059143211.300535373,41.9806682883,-48.5251504106,-354770.284533,-3.33712270569E-12,3697.96433474,166698.99294,-166693.631544,-9.6818564549E-07
35.1949272246,-97.4398016166216.745039721,43.7897613116,-48.8977125999,-356213.749886,-3.34134895609E-12,3724.24220936,167414.869541,-167409.508144,-9.68185645434E-07
35.1949255029,-97.4397937248222.201248345,40.5141441224,-48.6363990738,-357592.5858,-3.34104654332E-12,3961.41549752,168099.932986,-168094.57159,-9.68185645434E-07
35.1949235088,-97.4397819619227.427641585,44.5309594628,-49.4237877571,-358960.863472,-3.35580736844E-12,3385.36782171,168778.329458,-168772.968062,-9.68185645434E-07
35.1949234057,-97.4397687351232.696731594,47.5900193888,-45.8841178444,-360194.117445,0.000785828563148,4258.34284883,169390.994374,-169385.617411,0.423004904493
35.1949218806,-97.4397618649237.324970754,53.7073158749,-44.8272204199,-361438.414445,0.000115496073046,1767.61232793,170009.14203,-170003.705069,0.00837424698713
35.1949200973,-97.4397445212242.735232181,56.0121122175,-45.010574148,-362664.180631,2.60301395439E-06,3114.86799583,170617.661344,-170612.222539,5.1667971639E-05
35.194920005,-97.4397336294247.661456486,58.3971331093,-47.1525933933,-363801.088908,0.00177728762773,2995.45428202,171182.019672,-171176.561737,0.410531245419
35.1949199998,-97.439719881252.120765243,57.6039550291,-45.5509076234,-364840.051433,0.00125127524942,3820.24622394,171698.644957,-171693.072764,0.267511865904
35.1949199924,-97.4397038919254.314753696,60.1261789953,-46.140524771,-365912.520126,0.00404537692388,1521.12049508,172230.053047,-172223.888875,0.49042789812
35.1949175266,-97.4396855741255.065518265,63.4743759306,-46.8048141628,-366993.728318,8.62700036816E-05,2686.06844461,172765.682696,-172759.456096,0.00220073766991
35.1949158893,-97.439672452255.413860559,64.5016184561,-43.8811748978,-367958.552058,1.83731565387E-06,2126.43461895,173241.816682,-173235.588753,1.27748619861E-05
35.1949158046,-97.4396501997255.903314278,63.5019885699,-43.541984587,-369068.747641,3.91296209935E-08,2598.67041971,173791.120777,-173784.89282,3.0005924893E-06
35.1949158002,-97.439634741256.44465144,65.5943270505,-44.4968477945,-370100.79367,8.32024942403E-10,2525.73975561,174302.000679,-174295.772721,2.95692797003E-06
35.1949158,-97.4396139333256.583356384,68.3793954798,-42.6065746405,-371050.854764,1.96270440052E-11,2000.85941022,174771.119352,-174764.891394,2.95673290785E-06
35.1949158,-97.4395975924257.249993792,69.6184087444,-41.1718467542,-372140.145437,2.00372656345E-12,2564.51622966,175310.082272,-175303.854314,2.95673203645E-06
35.194914826,-97.4395803054257.932452101,72.5195245056,-41.0868864346,-373129.494823,2.02931609377E-12,2982.67096507,175798.619775,-175792.391817,2.95673203256E-06
35.1949121462,-97.4395613341258.142754873,68.556561736,-41.5548951109,-374165.82793,2.27781068424E-12,2541.26155483,176312.025739,-176305.797781,2.95673203254E-06
35.1949120076,-97.4395445423258.732121239,69.4484584657,-40.8059619869,-375160.211559,2.25351992137E-12,2729.13638796,176804.557065,-176798.329107,2.95673203254E-06
35.1949120004,-97.4395256246259.09796873,65.3688247531,-42.1447638134,-376167.088764,2.32841053339E-12,2578.41316802,177302.147208,-177295.91925,2.95673203254E-06
35.194912,-97.4395099354259.603032167,63.7083627737,-40.5565610011,-377156.378115,2.48399704411E-12,2699.29208894,177790.727619,-177784.499662,2.95673203254E-06
35.194912,-97.4394870913259.96353406,62.7070542222,-41.7223296271,-378158.215628,2.35366860886E-12,2525.8267014,178286.466965,-178280.239007,2.95673203254E-06
35.194912,-97.4394732287260.496947383,62.4629859068,-41.8913674095,-379138.848469,2.2012654865E-12,2677.13490121,178772.418693,-178766.190735,2.95673203254E-06
35.194912,-97.439451387260.87901346,63.0967723294,-43.2042641104,-380126.492831,2.16684301152E-12,2563.12082585,179260.4114,-179254.183442,2.95673203254E-06
35.1949114874,-97.4394360241261.398298813,62.2447036334,-41.5780698123,-381098.318763,2.11830588103E-12,2648.87238457,179740.6658,-179734.437842,2.95673203254E-06
35.1949100769,-97.4394174359261.859189527,65.0837399989,-42.2511133003,-382066.909937,3.13504363672E-05,2781.54502294,180220.375758,-180214.143637,0.00357759898552
35.194910004,-97.4393973839261.981275777,63.0268578618,-41.7522784516,-382985.517489,6.67678755803E-07,1945.90549891,180674.787232,-180668.554628,2.17743825654E-05
35.1949100002,-97.4393831133262.395484935,62.5734408809,-43.5609061925,-383951.710638,1.42218590016E-08,1913.04421317,181151.804909,-181145.572294,5.88947454642E-06
35.19491,-97.4393612561263.038969571,62.2567862763,-41.7646851077,-384978.258472,3.02184620328E-10,2456.86045954,181659.953227,-181653.720613,5.81851201847E-06
35.19491,-97.4393474131263.479712628,63.7037618691,-42.3761113268,-385929.760611,5.44024019671E-12,2539.67038359,182130.191426,-182123.958811,5.81819500812E-06
35.19491,-97.4393234203263.832397058,60.8052600923,-41.4477696902,-386890.647891,3.02686517555E-12,2414.59059665,182605.459862,-182599.227247,5.81819359194E-06
35.19491,-97.4393075615264.264008044,57.766485321,-44.1592403953,-387839.069506,3.15094019601E-12,2381.60502966,183074.632874,-183068.400259,5.81819358561E-06
35.19491,-97.4392897385264.815291402,61.1946191967,-44.480439474,-388770.040969,3.18560053539E-12,2610.55995584,183534.565674,-183528.333059,5.81819358558E-06
35.19491,-97.4392689153265.108737216,63.4085669205,-45.4327752294,-389722.643817,3.38714018801E-12,2367.40479998,184006.117,-183999.884386,5.81819358558E-06
35.19491,-97.4392540461265.544406687,61.0385638424,-42.9965839152,-390657.68346,3.24593928793E-12,2367.33168621,184468.757789,-184462.525174,5.81819358558E-06
35.19491,-97.4392339014265.955643919,60.4025451008,-46.6264052719,-391564.299836,3.45348286736E-12,2827.26646087,184917.279589,-184911.046974,5.81819358558E-06
35.19491,-97.4392176601266.444520228,59.2178542826,-43.7371924648,-392509.692219,3.3133729027E-12,2497.14767008,185384.139656,-185377.907041,5.81819358558E-06
35.19491,-97.4391963537266.912181431,58.7775012789,-43.9984836757,-393432.035691,3.18538938017E-12,2521.52568611,185841.16882,-185834.936206,5.81819358558E-06
35.1949052643,-97.4391781133267.312452885,59.9778715314,-46.1793892126,-394333.643443,3.14942516189E-12,2773.68254251,186286.719909,-186280.487295,5.81819358558E-06
35.1949043499,-97.4391604343267.76975318,59.1230294187,-43.8024428709,-395261.195602,3.01733542447E-12,2554.09621521,186745.376503,-186739.143889,5.81819358558E-06
35.1949043026,-97.4391438888268.055661746,59.3022228265,-42.3386177853,-396149.436608,2.98141449242E-12,2972.49137736,187185.279321,-187179.046707,5.81819358558E-06
35.1949043001,-97.439125197268.501479429,58.0335797416,-45.3505494743,-397052.283765,2.8977940813E-12,3000.68963755,187631.749497,-187625.516883,5.81819358558E-06
35.1949043,-97.4391050064268.876030468,61.4955707319,-49.083175458,-397993.557075,2.89385037253E-12,2257.06233671,188096.563558,-188090.330943,5.81819358558E-06
35.1949043,-97.4390879119269.315352998,60.7362367632,-48.8438462199,-398889.848252,2.81894528324E-12,2270.44645745,188540.364085,-188534.13147,5.81819358558E-06
35.1949043001,-97.4390684469269.749379929,60.7005167637,-48.2455745392,-399781.058198,7.31680914128E-05,2295.6488147,188981.668126,-188975.43218,0.0132909139319
35.1949043,-97.4390512802270.163918452,62.1115756402,-44.5240812494,-400668.45663,1.63722053607E-06,2284.14985657,189420.824447,-189414.587319,6.63838010492E-05
35.1949042997,-97.4390303544270.52972209,65.1446884393,-44.0239247948,-401557.791687,-0.00153177796493,2238.24081985,189860.912187,-189854.689372,-0.36474132948
35.1949042963,-97.4390141218270.267977308,64.5325252251,-44.895629379,-402401.36254,-0.00499340133897,2985.95033039,190277.61801,-190271.61852,-0.690138550654
35.1949042993,-97.4389956191268.820654572,62.1777050885,-46.4184441931,-403333.484204,-0.000113190501504,2328.70697621,190737.971644,-190732.052686,-0.00390080342352
35.1949043,-97.4389763788267.344120498,64.4067815912,-45.5355560652,-404267.121529,-2.4106482942E-06,1909.41584708,191198.116747,-191192.199533,-1.79456561886E-05
35.1949043,-97.4389623556265.85619278,61.3030857672,-48.177367363,-405105.207293,-5.13410525697E-08,1809.19613843,191611.781268,-191605.864091,-5.99795418792E-07
35.1949043,-97.4389422789264.804835908,59.604424454,-45.2538342566,-406082.345342,-1.09304539907E-09,2763.09443564,192093.997146,-192088.07997,-5.22306387806E-07
35.1949043,-97.4389249384263.146377816,59.689654779,-48.4004488454,-407053.181402,-2.43942314761E-11,2489.28021285,192573.626386,-192567.70921,-5.21960221652E-07
35.1949043,-97.4389044216261.789902186,56.3211330448,-48.5375773682,-408014.588742,-2.04972195201E-12,2623.7319923,193048.507144,-193042.589968,-5.21958675226E-07
35.1949043,-97.4388883666260.329241752,52.8039696644,-50.3695095247,-408999.268699,-1.79261993552E-12,2549.33202596,193533.777779,-193527.860604,-5.21958668318E-07
35.1949043,-97.4388700207258.971921932,54.0171300121,-51.0473332496,-409989.286429,-1.57215343575E-12,2718.3201896,194023.435449,-194017.518273,-5.21958668287E-07
35.1949043,-97.4388559358257.843034299,58.519209661,-49.5773990639,-410964.218725,-1.60102945218E-12,3363.49832519,194504.872102,-194498.954927,-5.21958668287E-07
35.1949013159,-97.4388353579256.094622225,57.5685025697,-50.4271507609,-412031.515812,0.00120467068922,2608.77143793,195032.51876,-195026.543066,0.20127604591
35.194900068,-97.4388185751255.26129642,55.1682421635,-49.5861347209,-413034.705575,2.61464648721E-05,3164.48534631,195527.742843,-195521.748305,0.00092854617792
35.1949000035,-97.438803707254.264062454,53.4448877536,-50.1204167946,-414093.11864,5.56849248366E-07,2981.13942009,196050.772549,-196044.777609,-2.57907870266E-07
35.1948999999,-97.4387833338253.284793995,55.0130841889,-51.1718632258,-415155.053514,0.000219764674929,2817.85841026,196575.135971,-196569.122972,0.0227579530104
35.1949,-97.4387678598252.366298244,53.5565051909,-51.9908674398,-416225.94409,4.68328976702E-06,2746.54135323,197104.245567,-197098.22918,0.00010226402282
35.1949,-97.4387480453251.700572582,50.5215157767,-52.9980480119,-417279.335202,9.97411041062E-08,3102.51456998,197624.46788,-197618.451421,4.20631255166E-07
35.1948968694,-97.4387331852250.682986659,52.8709779617,-50.7730626575,-418372.829345,-0.00503560519127,2866.97004204,198164.674359,-198158.710983,-1.16643205456
35.1948967089,-97.4387146197248.874522395,54.0082786971,-49.666964741,-419455.471971,-0.00157433890442,3107.50187868,198698.631302,-198692.888845,-0.182160262797
35.1948967012,-97.4386999686246.128148932,56.3289385107,-44.9484751912,-420579.661292,-0.00165299665081,3111.95896391,199253.264219,-199247.619243,-0.242917379158
35.1948966999,-97.4386817842242.871879695,55.5868538134,-42.031891545,-421739.920392,-4.84488584886E-05,2983.15199256,199825.277525,-199819.663301,-0.0025044151779
35.1948937644,-97.4386722986240.196380177,56.8096473289,-43.4713585395,-422791.75083,-1.03500817638E-06,3170.59305671,200343.467629,-200337.854152,-1.54241309433E-05
35.1948929447,-97.4386537435236.554679864,55.7298029978,-39.4821237002,-424072.030117,-2.20424087271E-08,1971.83729421,200974.367016,-200968.753556,-4.48215035225E-06
35.1948929023,-97.4386419527233.389290538,53.0679154881,-39.7859566328,-425379.518677,-4.68717773265E-10,3125.13365166,201618.859118,-201613.245658,-4.43326932615E-06
35.194890365,-97.4386247542230.279754678,49.3623445822,-39.2263466331,-426653.615309,-8.5974481165E-12,3270.57713802,202246.853123,-202241.239663,-4.43305096032E-06
35.1948900189,-97.4386141804227.062354954,47.3599511581,-41.0316210897,-427903.345411,-3.32709487981E-12,1996.35115768,202863.494268,-202857.880808,-4.43304998481E-06
35.1948867386,-97.438603924224.290181992,47.3371449822,-44.0184831226,-429275.772972,-3.57179577896E-12,3822.31881822,203540.545249,-203534.931789,-4.43304998045E-06
35.1948853744,-97.4385859551220.903302282,46.0469741194,-41.0224603569,-430668.649943,-3.29465186269E-12,3557.18189556,204227.756488,-204222.143028,-4.43304998043E-06
35.1948829351,-97.4385770913217.768297693,44.368501588,-42.0417454918,-432067.059789,-3.51635938784E-12,3719.66920552,204917.95171,-204912.33825,-4.43304998043E-06
35.1948801519,-97.4385684255214.577595962,50.612992043,-43.3713122984,-433506.40538,-3.20617633417E-12,3696.967417,205627.647644,-205622.034183,-4.43304998043E-06
35.1948789352,-97.4385553015211.609639497,47.5144994684,-45.4607197761,-434960.498059,-3.61110246929E-12,4009.0595594,206346.48285,-206340.86939,-4.43304998043E-06
35.1948776691,-97.4385478424208.964140752,48.9269832662,-41.0177058459,-436414.688882,-3.39665644039E-12,4904.67628987,207065.113,-207059.49954,-4.43304998043E-06
35.1948753665,-97.4385420769205.098535967,52.0247552972,-37.7732935885,-438039.984422,-3.51820898088E-12,3224.77039466,207865.471953,-207859.858493,-4.43304998043E-06
35.1948738811,-97.4385348082202.211229165,48.3268813117,-43.7811724839,-439544.537356,-3.30700661937E-12,4265.84905772,208608.141483,-208602.528023,-4.43304998043E-06
35.1948711665,-97.4385303737199.10489689,45.8708768607,-42.5033413275,-441128.170259,-3.4754578798E-12,4489.46481345,209388.959413,-209383.345953,-4.43304998043E-06
35.1948700604,-97.4385213244195.835363268,45.2259934166,-35.6651692769,-442735.084116,-3.40399074198E-12,4995.88408719,210183.322618,-210177.709158,-4.43304998043E-06
35.1948666812,-97.438518908192.678869217,49.8895352108,-38.4433260792,-444429.771396,-3.56316509364E-12,4361.32480618,211018.80291,-211013.18945,-4.43304998043E-06
35.1948652447,-97.4385150177190.38265452,47.7498864134,-41.8713912367,-446124.739433,0.00819556811854,4215.69139985,211855.287473,-211849.182494,1.43672150788
35.1948625469,-97.4385147231190.672074208,42.0801528996,-46.3855113894,-447772.52118,0.000180995341555,5070.04869345,212671.443984,-212665.20968,0.00709967805947
35.1948605535,-97.4385121857191.245219925,37.8947361563,-51.3769939816,-449481.904469,3.85470369669E-06,4676.842038,213517.708974,-213511.47188,3.47426911254E-05
35.1948600286,-97.4385101699192.202001947,35.4459192409,-52.6056459741,-451088.02711,8.20937609886E-08,5948.67997628,214311.205184,-214304.968031,3.18155945636E-06
35.1948551974,-97.4385100132191.838677504,34.1516874796,-49.9861661626,-452823.45769,1.74820604206E-09,4963.98750266,215168.101613,-215161.864459,3.04056665455E-06
35.1948519589,-97.4385010044192.495131733,32.9698487563,-47.7266476067,-454519.642558,3.78451226549E-11,4619.87690252,216006.591059,-216000.353905,3.03993679848E-06
35.1948501014,-97.4385000781192.639607162,36.3326109462,-50.1169652867,-456214.162786,2.58026221418E-12,4151.97637346,216844.140944,-216837.90379,3.03993398473E-06
35.1948475958,-97.4384916785193.08619991,34.1485721064,-52.0367130788,-457878.805331,2.50670257966E-12,4190.80314192,217666.597362,-217660.360208,3.03993397216E-06
35.1948471257,-97.4384901304193.66633632,39.0689166901,-52.8325335183,-459498.462564,2.57298248808E-12,5030.11880211,218468.923006,-218462.685852,3.0399339721E-06
35.194843498,-97.4384854625194.004909557,37.0975277781,-47.0395238938,-461182.229673,2.52274513099E-12,4527.23551417,219300.801893,-219294.564738,3.0399339721E-06
35.1948413675,-97.4384842981194.467246155,33.9728284807,-47.751406035,-462813.123149,2.52934177472E-12,5013.66586457,220107.248177,-220101.011023,3.0399339721E-06
35.1948400708,-97.43848071194.943132932,34.2058763406,-43.4456190739,-464579.961855,2.56657655431E-12,5848.87123967,220981.13776,-220974.900606,3.0399339721E-06
35.1948362446,-97.4384800552195.144643592,37.5769502094,-42.9778238339,-466150.087723,2.55273836286E-12,4311.13246254,221758.50356,-221752.266406,3.0399339721E-06
35.1948357282,-97.4384710076195.147396356,40.9241501104,-46.953467171,-467731.381622,2.60213534125E-12,2440.63696416,222538.857331,-222532.620177,3.0399339721E-06
35.1948302964,-97.4384660776196.246199388,38.9029229934,-48.8924832473,-469394.974474,2.78715721613E-12,4990.27543525,223363.191474,-223356.95432,3.0399339721E-06
35.1948286271,-97.4384604723196.077177663,44.8094977405,-51.8514442936,-470992.791189,2.59645406699E-12,2691.65287901,224152.056697,-224145.819543,3.0399339721E-06
35.1948280324,-97.4384536359196.602517128,51.8683339618,-49.8643225147,-472586.556442,2.76375706893E-12,3316.62789773,224940.288701,-224934.051546,3.0399339721E-06
35.1948244661,-97.4384502826197.029783936,50.1507775346,-49.8775380427,-474335.996972,2.59935324231E-12,4124.39194931,225805.169177,-225798.932023,3.0399339721E-06
35.1948223366,-97.4384463328197.628983209,48.2050893603,-54.5209563885,-475936.234867,2.67690901346E-12,4487.68784672,226592.420571,-226586.183417,3.0399339721E-06
35.1948201209,-97.4384421854197.460572192,49.9082670129,-56.9665891429,-477471.220538,2.62146792031E-12,3077.43137781,227351.87112,-227345.633966,3.0399339721E-06
35.1948173797,-97.4384401698198.354804811,52.4390719442,-61.4182902995,-479185.151922,-1.41513491248E-05,4251.76759272,228199.469192,-228193.236354,-0.00114146865787
35.1948166403,-97.4384307903198.698810414,56.3740395169,-63.6757034994,-480804.998194,-3.01385261714E-07,4089.41631441,229001.031303,-228994.798683,6.92927819793E-07
35.1948131577,-97.4384236605199.210243025,60.3964696206,-62.7816848908,-482397.547608,-6.39480823937E-05,4272.83373415,229787.764128,-229781.535163,-0.00129199251645
35.1948115671,-97.4384184841199.688116456,63.0579001126,-69.510882224,-483998.649137,-1.36230607859E-06,4293.07091332,230579.694363,-230573.466384,-2.95464398638E-06
35.1948100811,-97.4384157319200.145048301,71.6145567576,-68.067020784,-485596.663413,-2.90141415099E-08,4323.19237885,231370.437131,-231364.209173,2.93032418772E-06
35.1948062188,-97.4384105699200.488765814,73.2153975835,-69.2678421111,-487199.073743,-6.19200000202E-10,4096.92261619,232161.503129,-232155.275171,2.95661406098E-06
35.1948051579,-97.438402832201.247763556,69.420418477,-75.3138708912,-488735.280498,-1.30181722625E-11,5125.04314329,232923.330796,-232917.102838,2.95673150553E-06
35.1948003579,-97.4383962194200.692126549,68.8699991494,-75.0954362677,-490186.965065,-2.91973118671E-12,1728.43308116,233641.447904,-233635.219946,2.95673203019E-06
35.1947989012,-97.4383893561202.327414499,65.3223273129,-72.6724919414,-491881.797874,-2.84734816085E-12,5333.30660454,234478.675845,-234472.447888,2.95673203253E-06
35.1947975725,-97.4383853385202.203072542,66.6760599283,-72.925133292,-493535.747319,-2.88028242359E-12,3968.02913656,235297.259062,-235291.031104,2.95673203254E-06
35.1947945682,-97.438380674202.753961872,63.5340230787,-75.8306815556,-495098.700786,-2.86489262618E-12,4102.82235506,236071.069938,-236064.84198,2.95673203254E-06
35.1947937449,-97.4383717248202.898667853,63.9450546873,-75.2448807675,-496599.224837,-2.80369476616E-12,2435.74552983,236812.752344,-236806.524386,2.95673203254E-06
35.194790844,-97.4383637332204.082430298,66.7031517605,-79.4007331807,-498169.125739,-2.7381976544E-12,5047.88456466,237587.641454,-237581.413496,2.95673203254E-06
35.1947900437,-97.4383563234204.077575149,64.2253972323,-76.064726454,-499785.073097,-2.85908471777E-12,4042.49927751,238387.319994,-238381.092036,2.95673203254E-06
35.1947863041,-97.4383517613204.710252081,61.4841061987,-74.5545316651,-501316.691381,-2.88544739794E-12,4423.55475959,239144.344484,-239138.116526,2.95673203254E-06
35.1947838735,-97.438343736204.957570882,66.9292832533,-82.4447178459,-502887.647496,-2.93320942332E-12,3971.02065662,239920.172485,-239913.944527,2.95673203254E-06
35.1947823814,-97.4383349371205.224817339,71.31424641,-80.6057158029,-504355.145998,-3.10993995178E-12,2547.42319877,240646.360634,-240640.132676,2.95673203254E-06
35.1947803933,-97.4383271717205.844429356,75.8062374904,-76.8152544718,-505971.545091,-3.06387894476E-12,3952.40384516,241445.421023,-241439.193066,2.95673203254E-06
35.1947800204,-97.4383226462206.903091237,74.9507154408,-82.5947734476,-507385.567893,-3.02617059276E-12,6123.30891636,242145.092222,-242138.864264,2.95673203254E-06
35.1947751063,-97.4383148524206.743224063,73.9819337064,-86.4321810715,-509036.997065,-3.09162978241E-12,3923.75566584,242961.831131,-242955.603173,2.95673203254E-06
35.1947734471,-97.4383039763207.190147227,70.6954931091,-87.6494002938,-510583.846986,-3.11983078158E-12,3455.90243704,243726.093081,-243719.865123,2.95673203254E-06
35.1947701784,-97.4382939082207.564377029,71.0889014473,-85.8393455984,-512087.101539,-2.89380415963E-12,3820.62888972,244469.969685,-244463.741727,2.95673203254E-06
35.1947682431,-97.4382876154208.184963324,69.3504887061,-81.402299222,-513587.446953,-2.90094245178E-12,4105.7684997,245211.483735,-245205.255777,2.95673203254E-06
35.1947670643,-97.438281758208.184608515,70.470093861,-87.8335135812,-515052.077145,-2.81157338708E-12,2175.36509592,245936.111074,-245929.883116,2.95673203254E-06
35.1947643663,-97.4382737404209.168705424,69.1648271075,-89.2684310068,-516592.495708,-0.00932862383499,4277.68133823,246698.220098,-246692.120717,-2.0798668182
35.1947632499,-97.4382619654205.149289252,72.1198233883,-86.9451250905,-518077.68468,-0.0109723212389,2215.43457167,247429.915855,-247425.014697,-2.65232091031
35.1947607319,-97.4382567629195.774332402,75.2434648481,-89.6180260123,-519728.875912,-0.0056785045116,4251.29244645,248242.454288,-248238.18639,-0.926180852181
35.1947600383,-97.4382554135183.69955564,75.869793239,-93.7081991763,-521478.236945,-0.00209090839898,3733.1928404,249099.953096,-249095.927795,-0.33803393456
35.1947566029,-97.4382553086171.90250832,74.3326560359,-93.3499317276,-523246.949611,-0.000778540265886,5063.56982033,249969.57159,-249965.642446,-0.162858835476
35.194755652,-97.438258309158.751773134,72.0512947095,-88.5971127586,-525219.146816,-0.000493184733738,5065.41327301,250937.736103,-250933.858821,-0.0849955439492
35.194752306,-97.4382638693147.494403843,69.4133661592,-90.5916301126,-527264.528302,-0.000430267666522,9835.77401098,251939.949082,-251936.095592,-0.0486051174846
35.1947501194,-97.4382767358132.567242516,74.4556358522,-89.6588943136,-529520.607905,-0.000157270003359,5650.36091023,253048.492142,-253044.655922,-0.0271486488758
35.1947500062,-97.4382851391121.032172683,79.394358175,-92.5592744441,-531749.524985,-0.000444741158089,8100.538137,254143.005635,-254139.184598,-0.0618276105032
35.1947494621,-97.4382968346106.97251198,76.248191889,-92.5963363938,-534120.632961,-0.000243869624995,5920.80299638,255310.01037,-255306.212073,-0.0472882684509
35.1947479808,-97.438317719492.6167300888,75.4435803697,-97.3133961951,-536970.981062,-0.000162559412976,6659.93234171,256711.585888,-256707.803642,-0.0281165550559
35.1947484424,-97.438327839379.5104168572,79.1402905085,-88.6583890889,-539699.375922,-0.000109315539713,7579.18560756,258054.032621,-258050.259417,-0.0177957421004
35.1947499194,-97.438345229666.6809516678,85.2676432946,-84.8514007678,-542535.775655,-7.89755359221E-05,8830.54780698,259451.671804,-259447.904278,-0.011427447118
35.1947499958,-97.43835662251.8338429293,81.455034859,-80.5526446606,-545678.549258,-3.94551414962E-05,7205.30942495,260996.592192,-260992.828608,-0.00716610681442
35.1947499998,-97.438366138338.8450148409,82.4060010428,-75.1949253802,-548646.109895,-2.16223405681E-05,5262.42412591,262458.117796,-262454.356449,-0.00472657280648
35.1947546526,-97.438377540724.9971785983,87.46057017,-84.4262897842,-552107.614641,-1.75670994394E-05,8667.52339744,264163.249711,-264159.48997,-0.00297859460803
35.1947555537,-97.43837979512.5422397921,85.9655466073,-93.6882633249,-555489.772119,0.0719835010551,10015.2546684,265827.920224,-265823.296082,9.99247891272
35.1947594461,-97.438384161710.9334137816,87.5202587191,-90.5999930927,-559061.324097,0.00222690530451,8894.01061672,267595.341999,-267589.144454,0.0996871900787
35.1947614015,-97.438384935311.2933073649,79.5491311058,-87.0575865117,-562567.228114,4.74269888043E-05,8812.46691869,269326.776739,-269320.544871,0.000451124022866
35.1947631069,-97.43838499511.7598934886,86.6115759785,-94.3137889187,-566064.573541,1.01006139537E-06,8775.0419231,271056.449501,-271050.216902,7.80750490666E-06
35.1947661308,-97.4383889211.8313316023,78.6882283322,-93.2650871393,-569346.158647,2.15113473748E-08,6368.10555489,272676.629471,-272670.396856,5.82708042081E-06
35.194766955,-97.438389916112.8270373976,78.5285153258,-88.2413767115,-573030.77256,4.58386082141E-10,9040.71059558,274497.945272,-274491.712658,5.81823328567E-06
35.194769717,-97.43839224812.9743905819,86.5143281665,-88.0885525607,-576539.569499,1.05507177965E-11,8783.72001154,276235.951971,-276229.719356,5.81819376293E-06
35.1947720413,-97.438399397614.0634616314,78.7094612019,-86.2682417008,-579953.124085,5.67573743085E-12,9845.31186814,277923.672739,-277917.440124,5.81819358638E-06
35.1947744676,-97.438399953213.8521641238,78.7420176698,-88.9444561689,-583498.378155,5.62808623623E-12,8786.68002263,279677.081722,-279670.849107,5.81819358559E-06
35.1947787648,-97.438407208614.888064417,93.3308120793,-95.0499317615,-586909.382476,5.49929092472E-12,9903.757169,281365.244055,-281359.01144,5.81819358558E-06
35.1947805256,-97.438409783114.7464041323,102.930605784,-95.4663358414,-590436.986568,5.56324154043E-12,8834.11707161,283110.486144,-283104.253529,5.81819358558E-06
35.1947822082,-97.438413949915.0723966519,97.4329600206,-97.4420360208,-593906.823681,5.55215578296E-12,8701.38977098,284824.460202,-284818.227588,5.81819358558E-06
35.1947852308,-97.438415379515.7660602534,86.7903225525,-104.526342313,-597347.52751,5.57656362144E-12,9064.09569386,286525.019949,-286518.787335,5.81819358558E-06
35.194786055,-97.438418736216.3719100692,90.7193111325,-111.990984063,-600728.778528,5.61943590742E-12,10334.3864133,288198.204672,-288191.972058,5.81819358558E-06
35.194789507,-97.438419901816.5488934265,93.6583922241,-131.108485479,-604259.087675,5.6029229737E-12,8880.30825048,289941.520288,-289935.287673,5.81819358558E-06
35.1947916282,-97.438427204617.1791693468,91.2605032596,-135.896485564,-607688.227888,5.69055699691E-12,9353.3553649,291639.347838,-291633.115223,5.81819358558E-06
35.1947935928,-97.438429782816.725636548,90.9439308118,-128.431996614,-610902.519691,5.61518069528E-12,7154.20323436,293223.522149,-293217.289535,5.81819358558E-06
35.1947963321,-97.438438687718.2973041131,91.1496754183,-138.1938938,-614527.185412,5.68857037946E-12,10135.3127128,295021.247629,-295015.015014,5.81819358558E-06
35.1947974396,-97.438442298418.028908412,95.6166520506,-157.215884234,-618043.225113,5.78766267121E-12,8518.76609534,296758.112589,-296751.879974,5.81819358558E-06
35.194799763,-97.438445712317.9575464263,95.7034566959,-145.481348419,-621228.306906,5.62524057441E-12,6772.43242199,298330.815448,-298324.582833,5.81819358558E-06
35.1948029901,-97.438448862619.367019417,100.28522151,-155.919404658,-624866.645007,5.66387248546E-12,9112.90105023,300128.027431,-300121.794816,5.81819358558E-06
35.1948049908,-97.438449911619.3840602788,102.678255604,-149.736773581,-628318.825259,5.59945997377E-12,8616.69368045,301835.401641,-301829.169026,5.81819358558E-06
35.1948088797,-97.43845921620.0109747368,114.329705404,-162.856310596,-631755.428255,5.59206928048E-12,8369.24821772,303535.253049,-303529.020435,5.81819358558E-06
35.194809942,-97.438467779820.1124685166,118.084203061,-161.340274582,-635157.467417,5.45966365303E-12,8554.77864357,305217.160517,-305210.927903,5.81819358558E-06
35.1948126022,-97.43847208220.7812271529,108.43595475,-162.53151107,-638547.261948,5.11798801975E-12,8809.99119595,306891.711729,-306885.479115,5.81819358558E-06
35.1948150268,-97.438479384721.5683414328,94.7900833536,-155.99105856,-641918.467369,5.50943090485E-12,9399.71875959,308560.589693,-308554.357078,5.81819358558E-06
35.1948165186,-97.438483449821.4353445472,85.4075537898,-140.734831978,-645370.542051,5.54065600563E-12,8580.90219612,310267.104888,-310260.872274,5.81819358558E-06
35.1948189559,-97.438487246622.7005922749,89.5472033637,-144.756692352,-648673.135408,-4.60713536378E-05,10300.3730589,311901.552323,-311895.32364,-0.00503386673141
35.194819946,-97.438492040522.5517378323,92.1374915413,-147.220415416,-652100.227018,-9.81195782072E-07,9683.13594818,313596.235712,-313590.007739,-1.95442308546E-05
35.194823905,-97.438499381423.7568108522,104.35953201,-151.326859995,-655344.291361,-2.08973496957E-08,12298.3557907,315200.890634,-315194.662676,2.85621365335E-06
35.1948264218,-97.438508948623.1977113224,102.166209798,-148.839313226,-658933.8385,-4.43060212457E-10,8522.66132442,316975.487283,-316969.259325,2.95628298756E-06
35.1948279183,-97.438513603423.6139558295,100.264302375,-140.816820139,-662312.536488,-1.03828224204E-11,8387.09208804,318645.544322,-318639.316364,2.95673002653E-06
35.1948295408,-97.438518007224.5384197832,90.5571793774,-138.803504888,-665520.622901,-5.3130453158E-12,11551.7770266,320232.212995,-320225.985037,2.95673202358E-06
35.1948299762,-97.438525198424.5378211587,88.2010109614,-148.671966008,-669057.100837,-5.21925808894E-12,8471.07126653,321981.614746,-321975.386788,2.9567320325E-06
35.1948351655,-97.438531881325.6940227893,94.9813464613,-149.800438856,-672353.868714,-5.34605957969E-12,9604.53631372,323612.707391,-323606.479433,2.95673203254E-06
35.1948375942,-97.438539369125.4248046209,97.7803836603,-138.962906359,-675781.770713,-5.29096587705E-12,8351.41251363,325304.413418,-325298.18546,2.95673203254E-06
35.1948398755,-97.438544746925.7252044559,98.4757234523,-140.401026893,-678845.356269,-5.43194518622E-12,7581.62094874,326819.458351,-326813.230393,2.95673203254E-06
35.1948422842,-97.438549483226.3009592857,107.985516241,-129.738599258,-682490.588122,-5.43204942564E-12,8299.04264271,328621.412932,-328615.184974,2.95673203254E-06
35.1948432474,-97.438558664426.8024323899,105.361915529,-136.202862977,-685837.313254,-5.51073829365E-12,8451.95518307,330280.338584,-330274.110627,2.95673203254E-06
35.1948464544,-97.438568223827.3539396064,100.358795104,-128.98807599,-689188.626917,-5.53076605964E-12,8216.10125007,331937.016668,-331930.78871,2.95673203254E-06
35.1948470666,-97.438574608727.6912111256,89.1515745128,-119.089599123,-692514.591856,-5.46959420803E-12,8351.89892176,333580.585516,-333574.357558,2.95673203254E-06
35.1948497965,-97.438579358228.1098202528,91.7704835847,-123.686044226,-695852.492978,-5.44564473118E-12,8379.88602812,335232.326574,-335226.098617,2.95673203254E-06
35.1948520901,-97.438588277728.968060922,92.8108559789,-122.31062534,-699147.4319,-5.55320645117E-12,9003.33352108,336863.932581,-336857.704623,2.95673203254E-06
35.1948545649,-97.438598570829.1852078935,95.5545103358,-122.881977893,-702492.594224,-5.3685075338E-12,8633.49941797,338516.284148,-338510.05619,2.95673203254E-06
35.1948583719,-97.438608885629.4196472398,97.9358713585,-113.385441195,-705827.210591,-5.40865069452E-12,8238.63500257,340163.242487,-340157.014529,2.95673203254E-06
35.1948599158,-97.438613161130.2550621884,103.611839686,-121.154427928,-708891.270509,-5.38069835548E-12,6822.81906665,341676.818219,-341670.590261,2.95673203254E-06
35.1948619896,-97.438619152430.0414476591,115.809456693,-117.195902994,-712297.801426,-5.35478562049E-12,5061.14948765,343362.738646,-343356.510688,2.95673203254E-06
35.1948623788,-97.438633157730.7975774632,130.731707867,-117.475538479,-715758.544061,-5.11429838563E-12,8219.26597013,345072.12161,-345065.893652,2.95673203254E-06
35.1948657208,-97.438641823731.7645415125,118.340270444,-122.479324852,-719016.012701,-5.37610962097E-12,9105.59381618,346679.473173,-346673.245215,2.95673203254E-06
35.1948671492,-97.438647784331.8328686356,128.239569141,-130.154596815,-722367.249186,-5.30121584604E-12,8154.92916384,348338.589636,-348332.361678,2.95673203254E-06
35.1948698525,-97.438657040132.1354396928,125.393113552,-126.845501841,-725652.582069,-5.50637102665E-12,8297.67633274,349961.846408,-349955.61845,2.95673203254E-06
35.1948722294,-97.438667610732.7358632772,118.773359945,-127.251268964,-728929.742317,-5.50692251502E-12,8342.43099336,351581.00316,-351574.775202,2.95673203254E-06
35.1948737187,-97.438673656333.5171233484,127.210568796,-133.931853361,-732187.091909,-5.48052627061E-12,8921.78179579,353190.433294,-353184.205336,2.95673203254E-06
35.1948764335,-97.438683392333.5184982531,124.832198374,-144.761063068,-735519.655567,-5.79816960346E-12,7841.45749469,354838.932874,-354832.704917,2.95673203254E-06
35.1948775396,-97.438694839733.9218886913,119.960640752,-158.617156559,-738778.919537,-5.68959357704E-12,8237.77405933,356451.364677,-356445.136719,2.95673203254E-06
35.1948792628,-97.438703055435.4615166504,118.617271455,-174.968138758,-741929.125144,-5.46893323669E-12,10437.589334,358008.544168,-358002.31621,2.95673203254E-06
35.1948799619,-97.438709048534.9413170009,126.070613882,-172.399169422,-745268.216768,-5.41318341909E-12,9121.64791401,359657.923567,-359651.695609,2.95673203254E-06
35.1948840924,-97.438722631436.0900390087,128.50078255,-168.567454482,-748484.816315,-5.2752434039E-12,9905.37587738,361249.528915,-361243.300957,2.95673203254E-06
35.1948852375,-97.438733267935.7603326934,123.700956833,-177.653953911,-751829.534535,-5.24167945252E-12,8199.19352729,362902.659332,-362896.431374,2.95673203254E-06
35.1948894055,-97.438738672635.7852215698,124.373799081,-176.362437012,-754804.42471,-5.34082464288E-12,7262.43948361,364372.957509,-364366.729551,2.95673203254E-06
35.1948899692,-97.438750478936.8358526051,115.480274305,-172.260793347,-758315.362809,-4.83877795511E-12,8451.52232097,366110.367161,-366104.139203,2.95673203254E-06
35.1948926966,-97.438764613337.1706164169,114.740653129,-163.505574392,-761569.352525,-5.15365615732E-12,8267.78299516,367721.89019,-367715.662232,2.95673203254E-06
35.1948928895,-97.438772538437.7671794517,112.573066475,-159.463480598,-764795.28318,-5.39607088399E-12,8500.75307966,369315.134254,-369308.906296,2.95673203254E-06
35.1948964552,-97.438779309938.2518038789,109.145121456,-158.899982216,-768039.69602,-0.0618630821354,8174.81277028,370917.138946,-370912.808693,-11.9102275159
35.1948966678,-97.438788673538.6645290401,116.344146222,-160.440413475,-771246.362319,-0.014222494383,8547.6980474,372500.351793,-372498.112246,-2.10199451456
35.1948966938,-97.438789906138.7044297351,118.197632014,-159.991154238,-774496.761754,-0.00519902290657,8230.54198964,374108.601735,-374106.942982,-0.871061723926
35.1948966977,-97.438797209239.0604128169,118.704986426,-160.344861474,-777683.783125,-0.00325492419616,8728.16608658,375680.548267,-375679.158042,-0.512965315707
35.1948966986,-97.438799786439.5788575674,116.53842308,-160.835053193,-781105.932506,-0.00257346822336,11057.5512203,377375.237624,-377374.025666,-0.340109235943
35.1948997693,-97.438799985538.6731617008,114.497922174,-161.188045605,-784177.328123,-0.00139851875167,8056.00022828,378894.715553,-378893.620489,-0.253101648068
35.1948999872,-97.438800000439.0791747867,113.190728314,-161.29292691,-787347.484701,-0.00120671272841,8976.50328347,380460.844241,-380459.836891,-0.196863146253
35.1948999988,-97.43880400537.0953436094,113.488613456,-161.982197346,-789988.66147,-0.000341831578745,2052.80954922,381766.232226,-381765.287096,-0.163938640234
