357.963898, 0.000000
357.963898, 0.000000
357.963898, 0.000000
357.963898, 0.000000
357.963898, 0.000000
357.963898, 0.000000
357.963898, 0.000000
357.963898, 0.000000
357.963898, 0.000000
357.963898, 0.000000
357.963898, 0.000000
357.963898, 0.000000
357.963898, 0.000000
357.963898, 0.000000
357.963898, 0.000000
357.963898, 0.000000
357.963898, 0.000000
357.963898, 0.000000
357.963898, 0.000000
357.963898, 0.000000
357.963898, 0.000000
357.963898, 0.000000
357.963898, 0.000000
357.963898, 0.000000
357.963898, 0.000000
357.963898, 0.000000
357.963898, 0.000000
357.963898, 0.000000
357.963898, 0.000000
357.963898, 0.000000
357.963898, 0.000000
357.963898, 0.000000
357.963898, 0.000000
357.963898, 0.000000
357.963898, 0.000000
357.963898, 0.000000
357.963898, 0.000000
357.963898, 0.000000
357.963898, 0.000000
357.963898, 0.000000
357.963898, 0.000000
357.963898, 0.000000
357.963898, 0.000000
357.963898, 0.000000
357.963898, 0.000000
357.963898, 0.000000
357.963898, 0.000000
357.963898, 0.000000
357.963898, 0.000000
357.963898, 0.000000
357.963898, 0.000000
357.963898, 0.000000
357.963898, 0.000000
357.963898, 0.000000
357.963898, 0.000000
357.963898, 0.000000
357.963898, 0.000000
357.963898, 0.000000
357.963898, 0.000000
357.963898, 0.000000
357.963898, 0.000000
357.963898, 0.000000
357.963898, 0.000000
357.963898, 0.000000
357.963898, 0.000000
357.963898, 0.000000
357.963898, 0.000000
357.963898, 0.000000
357.963898, 0.000000
357.963898, 0.000000
357.965637, 0.001740
357.967529, 0.005371
357.969421, 0.010895
358.334961, 0.381958
358.929260, 1.347321
359.667786, 3.051208
0.508167, -354.404522
1.425566, -710.942854
2.403884, -1066.502868
3.431983, -1421.034782
4.501768, -1774.496912
5.607132, -2126.853678
6.743336, -2478.074239
7.906612, -2828.131525
9.093904, -3177.001518
10.302692, -3524.662723
11.530871, -3871.095749
12.776657, -4216.282990
14.038528, -4560.208359
15.315169, -4902.857088
16.605431, -5244.215555
17.908318, -5584.271135
19.222937, -5923.012096
20.548504, -6260.427490
21.884317, -6596.507070
23.229742, -6931.241226
24.584217, -7264.620906
25.947226, -7596.637579
27.318295, -7927.283182
28.697006, -8256.550073
30.082973, -8584.430997
31.475830, -8910.919065
32.875252, -9236.007711
34.280933, -9559.690675
35.692596, -9881.961977
37.109974, -10202.815900
38.532829, -10522.246969
39.959763, -10840.251104
40.536533, -11157.678468
40.707954, -11474.934412
40.797462, -11792.100847
40.873947, -12109.190797
40.948452, -12426.206243
41.022667, -12743.147474
41.096828, -13060.014543
41.170986, -13376.807455
41.245148, -13693.526205
41.319305, -14010.170797
41.393467, -14326.741228
41.467625, -14643.237501
41.541790, -14959.659608
41.615952, -15276.007555
41.682285, -15592.289167
41.744942, -15908.508123
41.807091, -16224.664930
41.869160, -16540.759668
41.931221, -16856.792345
41.993282, -17172.762960
42.055347, -17488.671510
42.117405, -17804.518003
42.179470, -18120.302431
42.241524, -18436.024805
42.303585, -18751.685117
42.365650, -19067.283365
42.427711, -19382.819551
42.489769, -19698.293680
42.551842, -20013.705736
42.613895, -20329.055738
42.675957, -20644.343679
42.738014, -20959.569563
42.800079, -21274.733381
42.862141, -21589.835138
42.924206, -21904.874830
42.986259, -22219.852468
43.048325, -22534.768041
43.110386, -22849.621553
43.172447, -23164.413004
43.234512, -23479.142389
43.296570, -23793.809717
43.358635, -24108.414980
43.420696, -24422.958181
43.482754, -24737.439325
43.544815, -25051.858408
43.606876, -25366.215429
43.668941, -25680.510385
43.730999, -25994.743284
43.793068, -26308.914114
43.855129, -26623.022882
43.917183, -26937.069597
43.979252, -27251.054243
44.041306, -27564.976835
44.103367, -27878.837366
44.165424, -28192.635839
44.227486, -28506.372251
44.289551, -28820.046598
44.351612, -29133.658884
44.413666, -29447.209116
44.475731, -29760.697282
44.537792, -30074.123388
44.599854, -30387.487432
44.661915, -30700.789415
44.723972, -31014.029340
44.786034, -31327.207204
44.848099, -31640.323003
44.910156, -31953.376745
44.972218, -32266.368425
45.034275, -32579.298048
45.096340, -32892.165605
45.158398, -33204.971105
45.220459, -33517.714544
45.282520, -33830.395921
45.344582, -34143.015237
45.406643, -34455.572492
45.468704, -34768.067686
45.530769, -35080.500814
45.592827, -35392.871885
45.654888, -35705.180894
45.716946, -36017.427847
45.779007, -36329.612737
45.841064, -36641.735571
45.903122, -36953.796346
45.965179, -37265.795065
46.027237, -37577.731725
46.089294, -37889.606329
46.151360, -38201.418867
46.213421, -38513.169344
46.275475, -38824.857767
46.337540, -39136.484125
46.399601, -39448.048422
46.461662, -39759.550657
46.523727, -40070.990827
46.585789, -40382.368936
46.647846, -40693.684988
46.709908, -41004.938978
46.771969, -41316.130907
46.834030, -41627.260774
46.896088, -41938.328584
46.958145, -42249.334337
47.020203, -42560.278032
47.082264, -42871.159666
47.144321, -43181.979242
47.206387, -43492.736753
47.268448, -43803.432203
47.330517, -44114.065584
47.392574, -44424.636907
47.454639, -44735.146165
47.516697, -45045.593366
47.578762, -45355.978502
47.640827, -45666.301572
47.702885, -45976.562585
47.764946, -46286.761537
47.827011, -46596.898424
47.889069, -46906.973253
47.951130, -47216.986021
48.013187, -47526.936731
48.075245, -47836.825384
48.137302, -48146.651979
48.199360, -48456.416517
48.261421, -48766.118993
48.323479, -49075.759412
48.385540, -49385.337770
48.447601, -49694.854066
48.509655, -50004.308309
48.571724, -50313.700483
48.633781, -50623.030599
48.695843, -50932.298654
48.757908, -51241.504644
48.819973, -51550.648569
48.882030, -51859.730436
48.944092, -52168.750242
49.006153, -52477.707986
49.068211, -52786.603674
49.130276, -53095.437296
49.192329, -53404.208864
49.254398, -53712.918363
49.316456, -54021.565805
49.378513, -54330.151189
49.440575, -54638.674513
49.502640, -54947.135770
49.564701, -55255.534967
49.626755, -55563.872110
49.688812, -55872.147195
49.750874, -56180.360220
49.812935, -56488.511182
49.874996, -56796.600084
49.937050, -57104.626932
49.999111, -57412.591718
50.061176, -57720.494440
50.123234, -58028.335104
50.185295, -58336.113706
50.247353, -58643.830251
50.309418, -58951.484731
50.371483, -59259.077146
50.433540, -59566.607504
50.495598, -59874.075803
50.557655, -60181.482046
50.619717, -60488.826227
50.681778, -60796.108347
50.743839, -61103.328405
50.805897, -61410.486406
50.867958, -61717.582346
50.930016, -62024.616228
50.992081, -62331.588045
51.054142, -62638.497800
51.116199, -62945.345499
51.178261, -63252.131136
51.240322, -63558.854711
51.302380, -63865.516229
51.364441, -64172.115686
51.426502, -64478.653082
51.488564, -64785.128416
51.550621, -65091.541692
51.612682, -65397.892908
51.674740, -65704.182066
51.736805, -66010.409158
51.798862, -66316.574194
51.860928, -66622.677164
51.922985, -66928.718076
51.985050, -67234.696924
52.047108, -67540.613714
52.109169, -67846.468443
52.171227, -68152.261114
52.233292, -68457.991720
52.295349, -68763.660268
52.357407, -69069.266760
52.419472, -69374.811185
52.481533, -69680.293550
52.543594, -69985.713853
52.605652, -70291.072099
52.667713, -70596.368284
52.729771, -70901.602411
52.791832, -71206.774477
52.853897, -71511.884477
52.915955, -71816.932420
52.978016, -72121.918302
53.040073, -72426.842126
53.102131, -72731.703893
53.164196, -73036.503595
53.226254, -73341.241239
53.288315, -73645.916822
53.350372, -73950.530347
53.412430, -74255.081815
53.474499, -74559.571214
53.536552, -74863.998560
53.598618, -75168.363840
53.660675, -75472.667062
53.722736, -75776.908224
53.784794, -76081.087328
53.846855, -76385.204370
53.908916, -76689.259351
53.970978, -76993.252271
54.033035, -77297.183134
54.095100, -77601.051931
54.157158, -77904.858671
54.219215, -78208.603353
54.273792, -78512.293459
54.327385, -78815.929971
54.380856, -79119.513013
54.434311, -79423.042600
54.487759, -79726.518739
54.541214, -80029.941423
54.594662, -80333.310659
54.648113, -80636.626444
54.701557, -80939.888784
54.755016, -81243.097665
54.808460, -81546.253103
54.861916, -81849.355085
54.915359, -82152.403623
54.968815, -82455.398706
55.022266, -82758.340337
55.075718, -83061.228517
55.131634, -83364.060781
55.177910, -83666.846769
55.173595, -83969.637071
55.119812, -84272.481157
54.936012, -84575.509042
54.681942, -84878.790998
54.371365, -85182.383531
53.953976, -85486.393453
53.447613, -85790.909738
52.881531, -86095.992105
52.277515, -86401.678487
51.649227, -86707.993158
51.005180, -87014.951875
50.348305, -87322.567468
49.684246, -87630.847120
49.015583, -87939.795435
48.343864, -88249.415468
47.670105, -88559.709261
46.994976, -88870.678182
46.318928, -89182.323152
45.642258, -89494.644792
44.965176, -89807.643514
44.287815, -90121.319597
43.610271, -90435.673223
42.932602, -90750.704519
42.254837, -91066.413580
41.577023, -91382.800455
40.899170, -91699.865183
40.221291, -92017.607790
39.543396, -92336.028291
38.865486, -92655.126703
38.187569, -92974.903032
37.509647, -93295.357282
36.831722, -93616.489458
36.153801, -93938.299554
35.475872, -94260.787580
34.797943, -94583.953535
34.120010, -94907.797422
33.442074, -95232.319246
32.764145, -95557.518999
32.086216, -95883.396680
31.408279, -96209.952299
30.730352, -96537.185844
30.074293, -96865.075449
29.445000, -97193.594347
28.839405, -97522.718839
28.260139, -97852.422598
27.707682, -98182.678814
27.170969, -98513.471742
26.654203, -98844.781437
26.148674, -99176.596660
25.649405, -99508.911153
25.164545, -99841.710506
24.687489, -100174.986915
24.214628, -100508.736185
23.744015, -100842.956068
23.274597, -101177.645368
22.816921, -101512.792345
22.376686, -101848.379556
21.960745, -102184.382709
21.568373, -102520.778234
21.187111, -102857.555021
20.811016, -103194.707903
20.448915, -103532.222885
20.093105, -103870.093677
19.740103, -104208.317472
19.388346, -104546.893024
19.037146, -104885.819776
18.686190, -105225.097484
18.335344, -105564.726038
17.984545, -105904.705391
17.633768, -106245.035520
17.282999, -106585.716419
16.932236, -106926.748081
16.581474, -107268.130504
16.230713, -107609.863689
15.879954, -107951.947632
15.529195, -108294.382335
15.178436, -108637.167797
14.827675, -108980.304020
14.476914, -109323.791003
14.126157, -109667.628744
13.775397, -110011.817244
13.424637, -110356.356505
13.073877, -110701.246525
12.723118, -111046.487305
12.372356, -111392.078847
12.021598, -111738.021146
11.670837, -112084.314207
11.320077, -112430.958027
10.969318, -112777.952607
10.618558, -113125.297947
10.267797, -113472.994047
9.917039, -113821.040906
9.566279, -114169.438524
9.215518, -114518.186904
8.864758, -114867.286043
8.513999, -115216.735942
8.163239, -115566.536601
7.812480, -115916.688018
7.461720, -116267.190197
7.110960, -116618.043134
6.760200, -116969.246832
6.409440, -117320.801290
6.058679, -117672.706509
5.707920, -118024.962487
5.357160, -118377.569225
5.006400, -118730.526723
4.655640, -119083.834981
4.304880, -119437.493998
3.954120, -119791.503776
3.603360, -120145.864314
3.252600, -120500.575612
2.901840, -120855.637669
2.551081, -121211.050486
2.200321, -121566.814063
1.849561, -121922.928399
1.498801, -122279.393496
1.148041, -122636.209353
0.797281, -122993.375969
0.446521, -123350.893346
0.095761, -123708.761482
359.744995, -123706.980385
359.394257, -123705.550026
359.043488, -123704.470436
358.692719, -123703.741615
358.341949, -123703.363563
357.991211, -123703.336250
357.640442, -123703.659706
357.289673, -123704.333931
356.938934, -123705.358894
356.588165, -123706.734627
356.237396, -123708.461128
355.886658, -123710.538368
355.535889, -123712.966377
355.185120, -123715.745155
354.834351, -123718.874702
354.483612, -123722.354988
354.132843, -123726.186043
353.782074, -123730.367866
353.431335, -123734.900429
353.080566, -123739.783760
352.729797, -123745.017860
352.379059, -123750.602699
352.028290, -123756.538307
351.677521, -123762.824684
351.326752, -123769.461830
350.976013, -123776.449714
350.625244, -123783.788368
350.274475, -123791.477791
349.923737, -123799.517952
349.572968, -123807.908882
349.222198, -123816.650581
348.871429, -123825.743049
348.520691, -123835.186256
348.169922, -123844.980232
347.819153, -123855.124977
347.468414, -123865.620460
347.117645, -123876.466713
346.766876, -123887.663734
346.416138, -123899.211494
346.065369, -123911.110023
345.714600, -123923.359321
345.363831, -123935.959389
345.013092, -123948.910194
344.662323, -123962.211769
344.311554, -123975.864113
343.960815, -123989.867195
343.610046, -124004.221046
343.259277, -124018.925667
342.908508, -124033.981056
342.557770, -124049.387184
342.207001, -124065.144081
341.856232, -124081.251747
341.505493, -124097.710151
341.154724, -124114.519325
340.803955, -124131.679268
340.453186, -124149.189979
340.102448, -124167.051430
339.751678, -124185.263649
339.400909, -124203.826637
339.050171, -124222.740364
338.699402, -124242.004860
338.348633, -124261.620125
337.997894, -124281.586128
337.647125, -124301.902900
337.296356, -124322.570442
336.945587, -124343.588753
336.594849, -124364.957802
336.244080, -124386.677620
335.893311, -124408.748207
335.542572, -124431.169533
335.191803, -124453.941627
334.841034, -124477.064491
334.490265, -124500.538124
334.139526, -124524.362495
333.788757, -124548.537636
333.437988, -124573.063545
333.087250, -124597.940193
332.736481, -124623.167610
332.385712, -124648.745796
332.034973, -124674.674721
331.684204, -124700.954414
331.333435, -124727.584877
330.982666, -124754.566108
330.631927, -124781.898079
330.281158, -124809.580818
329.930420, -124837.614296
329.579651, -124865.998543
329.228882, -124894.733558
328.878113, -124923.819343
328.527374, -124953.255867
328.176605, -124983.043159
327.837463, -125013.169594
327.503357, -125043.630134
327.183075, -125074.410957
326.896332, -125105.478523
326.634338, -125136.808082
326.381470, -125168.390510
326.131836, -125200.222572
325.883423, -125232.303047
325.635437, -125264.631508
325.387573, -125297.207832
325.139771, -125330.031959
324.891998, -125363.103859
324.644226, -125396.423530
324.396454, -125429.990974
324.148682, -125463.806190
323.900909, -125497.869179
323.653137, -125532.179939
323.405396, -125566.738441
323.157623, -125601.544716
322.909851, -125636.598762
322.662079, -125671.900581
322.414307, -125707.450172
322.166534, -125743.247535
321.918762, -125779.292671
321.671021, -125815.585548
321.423248, -125852.126198
321.175476, -125888.914619
320.927704, -125925.950813
320.679932, -125963.234779
320.432159, -126000.766517
320.184387, -126038.546028
319.936646, -126076.573280
319.688873, -126114.848305
319.441101, -126153.371101
319.193329, -126192.141670
318.945557, -126231.160011
318.697815, -126270.426094
318.450043, -126309.939949
318.202271, -126349.701576
317.954498, -126389.710975
317.706726, -126429.968147
317.458954, -126470.473091
317.211182, -126511.225807
316.963440, -126552.226265
316.715668, -126593.474495
316.467896, -126634.970497
316.220123, -126676.714271
315.972351, -126718.705818
315.724609, -126760.945106
315.476837, -126803.432167
315.229065, -126846.167000
314.981293, -126889.149605
314.815857, -126932.297645
314.744141, -126975.517402
314.690338, -127018.790962
314.660583, -127062.094276
314.701355, -127105.356819
314.753815, -127148.566902
314.807190, -127191.723610
314.860657, -127234.826851
314.914093, -127277.876655
314.967529, -127320.873024
315.020996, -127363.815925
315.074463, -127406.705360
315.127899, -127449.541359
315.181335, -127492.323921
315.234802, -127535.053016
315.288239, -127577.728676
315.341705, -127620.350868
315.395142, -127662.919624
315.448608, -127705.434913
315.502045, -127747.896766
315.555511, -127790.305153
315.608948, -127832.660103
315.662415, -127874.961586
315.788910, -127917.136574
315.959167, -127959.141304
316.160278, -128000.944923
316.404205, -128042.504616
316.765198, -128083.703316
317.267365, -128124.399849
317.872406, -128164.491340
318.551300, -128203.903938
319.301697, -128242.566139
320.102142, -128280.427894
320.945648, -128317.446144
321.847321, -128353.562721
322.796143, -128388.730476
323.787781, -128422.906593
324.818451, -128456.052040
325.881805, -128488.134132
326.974609, -128519.123420
328.093750, -128548.993568
329.236298, -128577.721168
330.399445, -128605.285621
331.582062, -128631.667457
332.783539, -128656.847816
334.001923, -128680.809791
335.235626, -128703.538063
336.483246, -128725.018715
337.744446, -128745.238167
339.018097, -128764.183967
340.303223, -128781.844642
341.598999, -128798.209541
342.904572, -128813.268867
344.219330, -128827.013435
345.542603, -128839.434730
346.873901, -128850.524727
348.212646, -128860.275978
349.558411, -128868.681465
350.910797, -128875.734566
352.269409, -128881.429054
353.633911, -128885.759041
355.003937, -128888.719002
356.379242, -128890.303657
357.759552, -128890.508003
359.144562, -128889.327339
0.520472, -129246.770764
1.808885, -129602.925777
2.901559, -129957.988116
3.754996, -130312.197017
4.413543, -130665.747372
4.935563, -131018.775707
5.380208, -131371.359397
5.789192, -131723.534102
6.182458, -132075.315541
6.568937, -132426.710502
6.952511, -132777.721888
7.334847, -133128.350939
7.716657, -133478.598180
8.098241, -133828.463837
8.479732, -134177.948003
8.861180, -134527.050720
9.242613, -134875.772005
9.624037, -135224.111866
10.005461, -135572.070303
10.386881, -135919.647320
10.768300, -136266.842918
11.149718, -136613.657097
11.531138, -136960.089856
11.912556, -137306.141198
12.293975, -137651.811121
12.675395, -137997.099624
13.056815, -138342.006706
13.438235, -138686.532369
13.819654, -139030.676612
14.201074, -139374.439436
14.582492, -139717.820842
14.963913, -140060.820827
15.345330, -140403.439394
15.726749, -140745.676542
16.108168, -141087.532273
16.489588, -141429.006582
16.871008, -141770.099472
17.241291, -142110.822079
17.580532, -142451.205445
17.896555, -142791.272787
18.204050, -143131.032635
18.508448, -143470.488085
18.811733, -143809.640249
19.114616, -144148.489531
19.417353, -144487.036076
19.720037, -144825.279936
20.022703, -145163.221131
20.325365, -145500.859663
20.628021, -145838.195540
20.930679, -146175.228758
21.233339, -146511.959316
21.535997, -146848.387217
21.827599, -147184.523516
22.115343, -147520.372070
22.401756, -147855.934212
22.687704, -148191.210406
22.973495, -148526.200808
23.259230, -148860.905476
23.544949, -149195.324425
23.830658, -149529.457665
24.116365, -149863.305197
24.402073, -150196.867022
24.687780, -150530.143139
24.973488, -150863.133549
25.259192, -151195.838255
25.544901, -151528.257252
25.830606, -151860.390543
26.116312, -152192.238129
26.402020, -152523.800007
26.687725, -152855.076180
26.973431, -153186.066647
27.259138, -153516.771406
27.544844, -153847.190460
27.830551, -154177.323807
28.116257, -154507.171448
28.401964, -154836.733381
28.687670, -155166.009609
28.973373, -155495.000134
29.259083, -155823.704949
29.544792, -156152.124054
29.830500, -156480.257452
30.116207, -156808.105143
30.401911, -157135.667130
30.687620, -157462.943407
30.973320, -157789.933985
31.259031, -158116.638851
31.544733, -158443.058016
31.830441, -158769.191473
32.116146, -159095.039225
32.401855, -159420.601267
32.687561, -159745.877604
32.973267, -160070.868235
33.258976, -160395.573157
33.544689, -160719.992365
33.830395, -161044.125868
34.116104, -161367.973662
34.401810, -161691.535750
34.687515, -162014.812132
34.973225, -162337.802805
35.258930, -162660.507773
35.544636, -162982.927035
35.830341, -163305.060591
36.116047, -163626.908442
36.390762, -163948.481577
36.661812, -164269.783663
36.931641, -164590.815920
37.201061, -164911.578757
37.470348, -165232.072306
37.739601, -165552.296602
38.008827, -165872.251673
38.278057, -166191.937514
38.547283, -166511.354128
38.816509, -166830.501517
39.085739, -167149.379675
39.354961, -167467.988611
39.624184, -167786.328325
39.893414, -168104.398810
40.162640, -168422.200068
40.431870, -168739.732096
40.701096, -169056.994898
40.970322, -169373.988474
41.239544, -169690.712828
41.508766, -170007.167959
41.778000, -170323.353857
42.047222, -170639.270533
42.316452, -170954.917978
42.585678, -171270.296198
42.854904, -171585.405192
43.124126, -171900.244963
43.378819, -172214.830042
43.628906, -172529.165034
43.866779, -172843.262152
44.100956, -173157.125094
44.309223, -173470.779768
44.496555, -173784.247111
44.678547, -174097.532461
44.835861, -174410.660498
44.987568, -174723.636828
45.118946, -175036.481779
45.246189, -175349.199488
45.372597, -175661.790789
45.498833, -175974.255854
45.615917, -176286.603834
45.731247, -176598.836485
45.846249, -176910.954134
45.961185, -177222.956846
46.076107, -177534.844637
46.191029, -177846.617506
46.305946, -178158.275458
46.420864, -178469.818491
46.535786, -178781.246603
46.650707, -179092.559794
46.765629, -179403.758063
46.880547, -179714.841414
46.995468, -180025.809843
47.110390, -180336.663351
47.222343, -180647.404906
47.333740, -180958.035063
47.439167, -181268.559794
47.534874, -181578.988817
47.628914, -181889.323801
47.722672, -182199.565027
47.816387, -182509.712538
47.910091, -182819.766344
48.003799, -183129.726443
48.097507, -183439.592833
48.191208, -183749.365523
48.284904, -184059.044516
48.378616, -184368.629797
48.472321, -184678.121374
48.566025, -184987.519247
48.659721, -185296.823424
48.753429, -185606.033892
48.847134, -185915.150656
48.940842, -186224.173712
49.034542, -186533.103068
49.128242, -186841.938723
49.221951, -187150.680670
49.315659, -187459.328909
49.409355, -187767.883452
49.503063, -188076.344286
49.596771, -188384.711413
49.690475, -188692.984835
49.784180, -189001.164553
49.877884, -189309.250567
49.971584, -189617.242880
50.065289, -189925.141489
50.158997, -190232.946390
50.252697, -190540.657591
50.346409, -190848.275080
50.440109, -191155.798868
50.533810, -191463.228956
50.627506, -191770.565348
50.721218, -192077.808027
50.814922, -192384.957003
50.908634, -192692.012266
51.002338, -192998.973826
51.096043, -193305.841681
51.189743, -193612.615835
51.283443, -193919.296290
51.377144, -194225.883043
51.470856, -194532.376085
51.564560, -194838.775423
51.658264, -195145.081057
51.751972, -195451.292982
51.845676, -195757.411204
51.939381, -196063.435721
52.033081, -196369.366537
52.126789, -196675.203646
52.220486, -196980.947058
52.314194, -197286.596762
52.407890, -197592.152769
52.501598, -197897.615069
52.595303, -198202.983664
52.689011, -198508.258551
52.782719, -198813.439730
52.876423, -199118.527205
52.970131, -199423.520971
53.063828, -199728.421042
53.157536, -200033.227404
53.251240, -200337.940062
53.344944, -200642.559015
53.438652, -200947.084261
53.532356, -201251.515803
53.626060, -201555.853640
53.719765, -201860.097773
53.813465, -202164.248205
53.907173, -202468.304930
54.000877, -202772.267950
54.094582, -203076.137266
54.188282, -203379.912882
54.281994, -203683.594786
54.375694, -203987.182989
54.469398, -204290.677489
54.563103, -204594.078283
54.656811, -204897.385370
54.750519, -205200.598749
54.844219, -205503.718428
54.937927, -205806.744398
55.031631, -206109.676665
55.125336, -206412.515227
55.219044, -206715.260081
55.321301, -207017.902678
55.439770, -207320.426806
55.576683, -207622.814020
55.717522, -207925.060396
55.859207, -208227.165087
56.001068, -208529.127917
56.142975, -208830.948839
56.284889, -209132.627848
56.426800, -209434.164946
56.575066, -209735.553778
56.724747, -210036.792929
56.874744, -210337.882082
57.024807, -210638.821173
57.174892, -210939.610178
57.350906, -211240.223170
57.543491, -211540.643576
57.740459, -211840.867014
57.938602, -212140.892309
58.143906, -212440.712301
58.351173, -212740.325026
58.558990, -213039.729933
58.766956, -213338.926874
58.974960, -213637.915812
59.182987, -213936.696722
59.391010, -214235.269610
59.619835, -214533.613672
59.854866, -214831.722704
60.091774, -215129.594828
60.329239, -215427.229487
60.566879, -215724.626505
60.804558, -216021.785845
61.042271, -216318.707472
61.279972, -216615.391398
61.517693, -216911.837603
61.755402, -217208.046099
61.993114, -217504.016882
62.230824, -217799.749956
62.482723, -218095.231131
62.805271, -218390.389757
63.176094, -218685.177561
63.584862, -218979.556597
64.024712, -219273.495783
64.479393, -219566.980288
64.941261, -219860.002924
65.417168, -220152.549654
65.900124, -220444.613428
66.386642, -220736.190684
66.874947, -221027.279635
67.364182, -221317.879351
67.853882, -221607.989367
68.343826, -221897.609438
68.833885, -222186.739451
69.324005, -222475.379343
69.814156, -222763.529085
70.304329, -223051.188654
70.794502, -223338.358050
71.284691, -223625.037256
71.774879, -223911.226275
72.275505, -224196.914667
72.804871, -224482.073694
73.362648, -224766.674944
73.936447, -225050.702395
74.519417, -225334.146876
75.107697, -225617.003077
75.708626, -225899.258349
76.317024, -226180.905222
76.929886, -226461.939234
77.545395, -226742.357737
78.162491, -227022.159144
78.780556, -227301.342486
79.399193, -227579.907191
80.018158, -227857.852930
80.637344, -228135.179484
81.256653, -228411.886728
81.876038, -228687.974589
82.495461, -228963.443026
83.114914, -229238.292010
83.734375, -229512.521532
84.353859, -229786.131571
84.973343, -230059.122126
85.592834, -230331.493189
86.212311, -230603.244776
86.831802, -230874.376871
87.451294, -231144.889475
88.070778, -231414.782595
88.690269, -231684.056223
89.309761, -231952.710360
89.929260, -232220.744997
90.548752, -232488.160143
91.168236, -232754.955805
91.787735, -233021.131968
92.407227, -233286.688639
93.029884, -233551.622652
93.654449, -233815.932100
94.280167, -234079.615832
94.906593, -234342.673136
95.533432, -234605.103602
96.160530, -234866.906969
96.787788, -235128.083079
97.415146, -235388.631830
98.042549, -235648.553179
98.632622, -235907.884455
99.114738, -236166.733614
99.469925, -236425.227587
99.749100, -236683.442385
99.988541, -236941.417742
100.201813, -237199.179827
100.407822, -237456.735903
100.611839, -237714.087961
100.815300, -237971.236559
101.018639, -238228.181818
101.187645, -238484.958071
101.348534, -238741.573435
101.488174, -238998.049158
101.592796, -239254.420260
101.666206, -239510.717951
101.735016, -239766.946833
101.795471, -240023.115259
101.854797, -240279.224360
101.913986, -240535.274271
101.973145, -240791.265024
102.032295, -241047.196627
102.084053, -241303.076472
102.134857, -241558.905512
102.185547, -241814.683863
102.236229, -242070.411532
102.286903, -242326.088526
102.337578, -242581.714846
102.381149, -242837.297594
102.423851, -243092.837641
102.466461, -243348.335077
102.509064, -243603.789911
102.551651, -243859.202158
102.594246, -244114.571810
102.636841, -244369.898867
102.679420, -244625.183344
102.722015, -244880.425226
102.764610, -245135.624514
102.807205, -245390.781206
102.849792, -245645.895312
102.892380, -245900.966829
102.934967, -246155.995760
102.977562, -246410.982096
103.020164, -246665.925829
103.062744, -246920.826983
103.105339, -247175.685541
103.147926, -247430.501513
103.190514, -247685.274897
103.233109, -247940.005686
103.275696, -248194.693888
103.318291, -248449.339495
103.360878, -248703.942515
103.403465, -248958.502947
103.446060, -249213.020785
103.488647, -249467.496035
103.531242, -249721.928690
103.573830, -249976.318758
103.616417, -250230.666239
103.659012, -250484.971125
103.701599, -250739.233423
103.744194, -250993.453127
103.786789, -251247.630236
103.829376, -251501.764757
103.871971, -251755.856684
103.914558, -252009.906023
103.957153, -252263.912768
103.999748, -252517.876917
104.042336, -252771.798479
104.084923, -253025.677454
104.127518, -253279.513834
104.170113, -253533.307619
104.212708, -253787.058809
104.255295, -254040.767412
104.297882, -254294.433428
104.340477, -254548.056849
104.383064, -254801.637682
104.425659, -255055.175921
104.468246, -255308.671572
104.510849, -255562.124621
104.553436, -255815.535082
104.596024, -256068.902956
104.638611, -256322.228243
104.681198, -256575.510943
104.723801, -256828.751040
104.766388, -257081.948549
104.808983, -257335.103464
104.851570, -257588.215792
104.894165, -257841.285525
104.936760, -258094.312662
104.979355, -258347.297205
105.021950, -258600.239153
105.064529, -258853.138521
105.107117, -259105.995302
105.149704, -259358.809496
105.192307, -259611.581087
105.234901, -259864.310084
105.277489, -260116.996493
105.320084, -260369.640307
105.362679, -260622.241526
105.405273, -260874.800150
105.447861, -261127.316187
105.490456, -261379.789629
105.533058, -261632.220469
105.575645, -261884.608721
105.618225, -262136.954394
105.660820, -262389.257471
105.703415, -262641.517954
105.746010, -262893.735842
105.788597, -263145.911143
105.831184, -263398.043856
105.873779, -263650.133974
105.916382, -263902.181490
105.958961, -264154.186426
106.001556, -264406.148768
106.044151, -264658.068514
106.086746, -264909.945666
106.129341, -265161.780222
106.171928, -265413.572191
106.214516, -265665.321573
106.257103, -265917.028368
106.299698, -266168.692568
106.342293, -266420.314173
106.384880, -266671.893191
106.427475, -266923.429613
106.470062, -267174.923449
106.512665, -267426.374682
106.555244, -267677.783335
106.597832, -267929.149401
106.640427, -268180.472872
106.683029, -268431.753740
106.725616, -268682.992022
106.768204, -268934.187716
106.810799, -269185.340815
106.853394, -269436.451319
106.895996, -269687.519221
106.938576, -269938.544542
106.981171, -270189.527270
107.023766, -270440.467402
107.066368, -270691.364931
107.108948, -270942.219881
107.151543, -271193.032236
107.194138, -271443.801996
107.236740, -271694.529154
107.279327, -271945.213724
107.321922, -272195.855700
107.364517, -272446.455080
107.407104, -272697.011873
107.449699, -272947.526072
107.492294, -273197.997675
107.554192, -273448.407381
107.626518, -273698.744761
107.708427, -273949.000231
107.823006, -274199.141123
107.968391, -274449.136629
108.153046, -274698.947481
108.358063, -274948.553316
108.568703, -275197.948511
108.791336, -275447.121073
109.017479, -275696.067492
109.244644, -275944.786745
109.472107, -276193.278536
109.699661, -276441.542772
109.927246, -276689.579424
110.154831, -276937.388491
110.382423, -277184.969965
110.620598, -277432.313265
110.861992, -277679.415171
111.104378, -277926.274691
111.357758, -278172.880831
111.614639, -278419.230089
111.872635, -278665.321352
112.141739, -278911.143511
112.414536, -279156.692873
112.713684, -279401.943087
113.050873, -279646.856112
113.413834, -279891.406176
113.787460, -280135.582613
114.165581, -280379.380930
114.567184, -280622.777643
115.003670, -280865.737871
115.456726, -281108.245043
115.917793, -281350.291147
116.382790, -281591.872256
116.849716, -281832.986437
117.317596, -282073.632738
117.785942, -282313.810694
118.265099, -282553.509493
118.749687, -282792.723704
119.237015, -283031.450587
119.725761, -283269.688723
120.215195, -283507.437426
120.705017, -283744.696306
121.195015, -283981.465189
121.685097, -284217.743990
122.175240, -284453.532648
122.665405, -284688.831141
123.155579, -284923.639460
123.645752, -285157.957606
124.135933, -285391.785570
124.626122, -285625.123347
125.116295, -285857.970949
125.606483, -286090.328364
126.096672, -286322.195589
126.586861, -286553.572626
127.077049, -286784.459475
127.567223, -287014.856150
128.057419, -287244.762629
128.547607, -287474.178919
129.037796, -287703.105021
129.527985, -287931.540934
130.018158, -288159.486674
130.508347, -288386.942225
130.998520, -288613.907602
131.488708, -288840.382792
131.978897, -289066.367792
132.469086, -289291.862604
132.959274, -289516.867228
133.449448, -289741.381678
133.939636, -289965.405939
134.429825, -290188.940012
134.920013, -290411.983896
135.410202, -290634.537592
135.900375, -290856.601114
136.390564, -291078.174448
136.880753, -291299.257593
137.370941, -291519.850550
137.861115, -291739.953333
138.351303, -291959.565928
138.841492, -292178.688334
139.331680, -292397.320551
139.821854, -292615.462595
140.312042, -292833.114451
140.802231, -293050.276118
141.292404, -293266.947611
141.782593, -293483.128916
142.272781, -293698.820032
142.762970, -293914.020960
143.253159, -294128.731699
143.743347, -294342.952250
144.233521, -294556.682627
144.723709, -294769.922816
145.213898, -294982.672816
145.704086, -295194.932627
146.194275, -295406.702250
146.684448, -295617.981699
147.174637, -295828.770960
147.664825, -296039.070032
148.154999, -296248.878931
148.645187, -296458.197642
149.135376, -296667.026163
149.625565, -296875.364496
150.115738, -297083.212656
150.605927, -297290.570627
151.096115, -297497.438410
151.586304, -297703.816004
152.076492, -297909.703409
152.566681, -298115.100626
153.056870, -298320.007654
153.547058, -298524.424494
154.037231, -298728.351160
154.527420, -298931.787638
155.017609, -299134.733927
155.507797, -299337.190027
155.997971, -299539.155955
156.488159, -299740.631693
156.978348, -299941.617243
157.468536, -300142.112604
157.958710, -300342.117792
158.448898, -300541.632792
158.939072, -300740.657618
159.293152, -300939.328364
159.497238, -301137.795023
159.610687, -301336.148234
159.662033, -301534.450098
159.705673, -301732.708323
159.748383, -301930.923838
159.791000, -302129.096735
159.833603, -302327.227030
159.876190, -302525.314738
159.918777, -302723.359858
159.961365, -302921.362391
160.003952, -303119.322336
160.046555, -303317.239680
160.089142, -303515.114435
160.131744, -303712.946589
160.174332, -303910.736155
160.216919, -304108.483134
160.259521, -304306.187510
160.302109, -304503.849299
160.344696, -304701.468500
160.387299, -304899.045099
160.429886, -305096.579111
160.472488, -305294.070521
160.515076, -305491.519343
160.557663, -305688.925577
160.600266, -305886.289210
160.642853, -306083.610254
160.685440, -306280.888712
160.728043, -306478.124567
160.770630, -306675.317835
160.813232, -306872.468500
160.855820, -307069.576578
160.898407, -307266.642069
160.941010, -307463.664957
160.983597, -307660.645258
161.026199, -307857.582957
161.068787, -308054.478068
161.111374, -308251.330591
161.153976, -308448.140513
161.196564, -308644.907847
161.239151, -308841.632593
161.281754, -309038.314738
161.324341, -309234.954294
161.366943, -309431.551249
161.409531, -309628.105616
161.452118, -309824.617396
161.494720, -310021.086573
161.537308, -310217.513163
161.579895, -310413.897165
161.622498, -310610.238566
161.665085, -310806.537378
161.707687, -311002.793589
161.750275, -311199.007212
161.792862, -311395.178248
161.835464, -311591.306681
161.878052, -311787.392527
161.920639, -311983.435785
161.963242, -312179.436442
162.005829, -312375.394510
162.048431, -312571.309977
162.091003, -312767.182871
162.133591, -312963.013178
162.176193, -313158.800883
162.218781, -313354.546000
162.261383, -313550.248514
162.303970, -313745.908442
162.346558, -313941.525782
162.389160, -314137.100519
162.431747, -314332.632670
162.474350, -314528.122217
162.516937, -314723.569178
162.559525, -314918.973551
162.602127, -315114.335322
162.644714, -315309.654505
162.687302, -315504.931101
162.729904, -315700.165095
162.772491, -315895.356501
162.815094, -316090.505305
162.857681, -316285.611521
162.900269, -316480.675150
162.942871, -316675.696177
162.985458, -316870.674616
163.028046, -317065.610468
163.070648, -317260.503718
163.113235, -317455.354380
163.155838, -317650.162440
163.198425, -317844.927912
163.241013, -318039.650797
163.283600, -318234.331095
163.326187, -318428.968805
163.368790, -318623.563914
163.411377, -318818.116434
163.453964, -319012.626368
163.496567, -319207.093699
163.539154, -319401.518442
163.581741, -319595.900599
163.624344, -319790.240153
163.666931, -319984.537119
163.709534, -320178.791483
163.752121, -320373.003260
163.794708, -320567.172449
163.837296, -320761.299051
163.879898, -320955.383051
163.922485, -321149.424463
163.965073, -321343.423289
164.007660, -321537.379526
164.050262, -321731.293162
164.092850, -321925.164210
164.135437, -322118.992670
164.178040, -322312.778528
164.220627, -322506.521799
164.263229, -322700.222468
164.305817, -322893.880549
164.348404, -323087.496042
164.391006, -323281.068934
164.433594, -323474.599238
164.476196, -323668.086939
164.518784, -323861.532053
164.561371, -324054.934580
164.603973, -324248.294504
164.646561, -324441.611841
164.689148, -324634.886591
164.731750, -324828.118738
164.774338, -325021.308298
164.816940, -325214.455256
164.859528, -325407.559626
164.902115, -325600.621409
164.944717, -325793.640589
164.987305, -325986.617182
165.029892, -326179.551188
165.072495, -326372.442591
165.115082, -326565.291407
165.157684, -326758.097620
165.200272, -326950.861246
165.242859, -327143.582285
165.285461, -327336.260721
165.328049, -327528.896570
165.370636, -327721.489832
165.413239, -327914.040491
165.455826, -328106.548563
165.498428, -328299.014033
165.541016, -328491.436915
165.583603, -328683.817209
165.626190, -328876.154917
165.668777, -329068.450037
165.711380, -329260.702555
165.753967, -329452.912485
165.796555, -329645.079828
165.839157, -329837.204569
165.881744, -330029.286722
165.924347, -330221.326273
165.966934, -330413.323237
166.009521, -330605.277613
166.052124, -330797.189387
166.094711, -330989.058573
166.137299, -331180.885172
166.179901, -331372.669169
166.222488, -331564.410578
166.265091, -331756.109385
166.307678, -331947.765604
166.350266, -332139.379236
166.392868, -332330.950266
166.435455, -332522.478708
166.478043, -332713.964564
166.520645, -332905.407816
166.563232, -333096.808481
166.605835, -333288.166544
166.648422, -333479.482020
166.691010, -333670.754908
166.733612, -333861.985193
166.776199, -334053.172892
166.818787, -334244.318003
166.861389, -334435.420511
166.903976, -334626.480433
166.946579, -334817.497751
166.989166, -335008.472483
167.031754, -335199.404627
167.074356, -335390.294169
167.116943, -335581.141123
167.159531, -335771.945490
167.202133, -335962.707255
167.244720, -336153.426432
167.287323, -336344.103007
167.329910, -336534.736994
167.372498, -336725.328394
167.415100, -336915.877192
167.457687, -337106.383402
167.500290, -337296.847010
167.542877, -337487.268030
167.585464, -337677.646464
167.628067, -337867.982294
167.670654, -338058.275538
167.713242, -338248.526194
167.755844, -338438.734247
167.798431, -338628.899714
167.841034, -338819.022577
167.883621, -339009.102854
167.926208, -339199.140543
167.968811, -339389.135630
168.011398, -339579.088129
168.053986, -339768.998041
168.096588, -339958.865351
168.139175, -340148.690073
168.181778, -340338.472193
168.224365, -340528.211725
168.266953, -340717.908671
168.309555, -340907.563013
168.361603, -341097.165308
168.484955, -341286.644251
168.657623, -341475.950525
168.876175, -341665.038248
169.125519, -341853.876627
169.412933, -342042.427592
169.772629, -342230.618860
170.162659, -342418.420099
170.600433, -342605.783564
171.087402, -342792.660059
171.599762, -342979.024195
172.125626, -343164.862467
172.658722, -343350.167643
173.195755, -343534.935785
173.734955, -343719.164728
174.275314, -343902.853312
174.816299, -344086.000910
175.357635, -344268.607172
175.899170, -344450.671900
176.440811, -344632.194987
176.982513, -344813.176371
177.524246, -344993.616022
178.065979, -345173.513941
178.607727, -345352.870112
179.149490, -345531.684519
179.691254, -345709.957163
180.233017, -345887.688044
180.774765, -346064.877176
181.316544, -346241.524531
181.858292, -346417.630137
182.400070, -346593.193964
182.941818, -346768.216044
183.483597, -346942.696345
184.025360, -347116.634882
184.567123, -347290.031656
185.108887, -347462.886667
185.650650, -347635.199915
186.192413, -347806.971399
186.734177, -347978.201121
187.275955, -348148.889063
187.817703, -348319.035258
188.359482, -348488.639673
188.901230, -348657.702341
189.443008, -348826.223231
189.984772, -348994.202357
190.526535, -349161.639719
191.068298, -349328.535319
191.610062, -349494.889155
192.151825, -349660.701227
192.693588, -349825.971537
193.235352, -349990.700083
193.777115, -350154.886866
194.318878, -350318.531885
194.860641, -350481.635142
195.402405, -350644.196634
195.944168, -350806.216364
196.485931, -350967.694330
197.027710, -351128.630518
197.569473, -351289.024943
198.111237, -351448.877604
198.653000, -351608.188502
199.194763, -351766.957636
199.736542, -351925.184992
200.278290, -352082.870600
200.820068, -352240.014429
201.361816, -352396.616511
201.903595, -352552.676813
202.445343, -352708.195368
202.987122, -352863.172144
203.528885, -353017.607157
204.070648, -353171.500406
204.612411, -353324.851893
205.154175, -353477.661616
205.695938, -353629.929575
206.237701, -353781.655771
206.779465, -353932.840204
207.321228, -354083.482874
207.862991, -354233.583780
208.404755, -354383.142924
208.946518, -354532.160303
209.488281, -354680.635920
210.030060, -354828.569758
210.571808, -354975.961847
211.113586, -355122.812159
211.655334, -355269.120722
212.197113, -355414.887507
212.738876, -355560.112528
213.280640, -355704.795786
213.822403, -355848.937281
214.364166, -355992.537012
214.905930, -356135.594980
215.447693, -356278.111185
215.989456, -356420.085627
216.531235, -356561.518290
217.072983, -356702.409205
217.614761, -356842.758341
218.156525, -356982.565714
218.698288, -357121.831324
219.240051, -357260.555170
219.781815, -357398.737253
220.323593, -357536.377558
220.865356, -357673.476099
221.407120, -357810.032877
221.948883, -357946.047892
222.490662, -358081.521128
223.032410, -358216.452616
223.574188, -358350.842325
224.115936, -358484.690287
224.657715, -358617.996470
225.199463, -358750.760904
225.741241, -358882.983561
226.283005, -359014.664454
226.824768, -359145.803583
227.366516, -359276.400965
227.908295, -359406.456568
228.450043, -359535.970423
228.991821, -359664.942499
229.533585, -359793.372812
230.075348, -359921.261362
230.617111, -360048.608149
231.158875, -360175.413172
231.690216, -360301.686854
232.215973, -360427.434778
232.728119, -360552.670557
233.233154, -360677.401301
233.734482, -360801.630717
234.233917, -360925.360697
234.732330, -361048.592264
235.230270, -361171.325892
235.727936, -361293.561854
236.225464, -361415.300287
236.722931, -361536.541254
237.220352, -361657.284800
237.717773, -361777.530924
238.215179, -361897.279642
238.712555, -362016.530985
239.209961, -362135.284922
239.707352, -362253.541468
240.204742, -362371.300623
240.702118, -362488.562403
241.199524, -362605.326777
241.696899, -362721.593775
242.194290, -362837.363383
242.691681, -362952.635599
243.189087, -363067.410410
243.686478, -363181.687830
244.183868, -363295.467859
244.681259, -363408.750498
245.178650, -363521.535746
245.676025, -363633.823618
246.173431, -363745.614084
246.670807, -363856.907175
247.157532, -363967.713541
247.627960, -364078.049479
248.071808, -364187.941569
248.503174, -364297.402292
248.928772, -364406.437418
249.351746, -364515.049570
249.773499, -364623.239969
250.194702, -364731.009165
250.615631, -364838.357432
251.036469, -364945.284861
251.457245, -365051.791514
251.866943, -365157.888468
252.271698, -365263.580668
252.632492, -365368.912073
252.944962, -365473.931009
253.194702, -365578.700205
253.368103, -365683.296000
253.438110, -365787.821787
253.486420, -365892.299265
253.532059, -365996.731104
253.577362, -366101.117640
253.622620, -366205.458918
253.667892, -366309.754923
253.713165, -366414.005655
253.758423, -366518.211130
253.803680, -366622.371348
253.848938, -366726.486307
253.894196, -366830.556009
253.939453, -366934.580454
253.984711, -367038.559641
254.029984, -367142.493555
254.075256, -367246.382197
254.120514, -367350.225580
254.165771, -367454.023707
254.211044, -367557.776560
254.256302, -367661.484156
254.301575, -367765.146479
254.346832, -367868.763544
254.392090, -367972.335352
254.437347, -368075.861902
254.482605, -368179.343195
254.527878, -368282.779215
254.573151, -368386.169962
254.618408, -368489.515452
254.663666, -368592.815684
254.708923, -368696.070658
254.754196, -368799.280359
254.799454, -368902.444803
254.844711, -369005.563990
254.889984, -369108.637903
254.935242, -369211.666559
254.980499, -369314.649958
255.025757, -369417.588099
255.071030, -369520.480967
255.116272, -369623.328592
255.161560, -369726.130930
255.206818, -369828.888010
255.252075, -369931.599833
255.297348, -370034.266382
255.342590, -370136.887690
255.387878, -370239.463709
255.433136, -370341.994471
255.478394, -370444.479975
255.523666, -370546.920206
255.568909, -370649.315195
255.614182, -370751.664911
255.659439, -370853.969370
255.704712, -370956.228556
255.749969, -371058.442484
255.795227, -371160.611155
255.840485, -371262.734568
255.885757, -371364.812708
255.931030, -371466.845576
255.976288, -371568.833185
256.021545, -371670.775538
256.066833, -371772.672602
256.112061, -371874.524439
256.157349, -371976.330988
256.202606, -372078.092280
256.247864, -372179.808314
256.293121, -372281.479090
256.338379, -372383.104609
256.383636, -372484.684870
256.428894, -372586.219874
256.474182, -372687.709589
256.519440, -372789.154047
256.564697, -372890.553248
256.609955, -372991.907191
256.655243, -373093.215845
256.700500, -373194.479243
256.745758, -373295.697382
256.791016, -373396.870264
256.836273, -373497.997889
256.881531, -373599.080256
256.926819, -373700.117335
256.972046, -373801.109186
257.017334, -373902.055750
257.062592, -374002.957056
257.107849, -374103.813105
257.153107, -374204.623896
257.198364, -374305.389429
257.243622, -374406.109705
257.288879, -374506.784723
257.334167, -374607.414454
257.379425, -374707.998926
257.424683, -374808.538141
257.469940, -374909.032099
257.515198, -375009.480799
257.560486, -375109.884211
257.605743, -375210.242365
257.651001, -375310.555262
257.696259, -375410.822901
257.741516, -375511.045283
257.786804, -375611.222376
257.832062, -375711.354212
257.877319, -375811.440790
257.922577, -375911.482111
257.967834, -376011.478174
258.013123, -376111.428950
258.058350, -376211.334498
258.103638, -376311.194758
258.148895, -376411.009760
258.194153, -376510.779505
258.239410, -376610.503992
258.284668, -376710.183222
258.329926, -376809.817194
258.375183, -376909.405909
258.420441, -377008.949366
258.465698, -377108.447565
258.510986, -377207.900477
258.556213, -377307.308161
258.601501, -377406.670557
258.646759, -377505.987696
258.692017, -377605.259577
258.737274, -377704.486201
258.782532, -377803.667566
258.827820, -377902.803644
258.873077, -378001.894465
258.918335, -378100.940027
258.963593, -378199.940333
259.008850, -378298.895380
259.054138, -378397.805140
259.099396, -378496.669642
259.144653, -378595.488886
259.189911, -378694.262873
259.235168, -378792.991602
259.280457, -378891.675043
259.325714, -378990.313227
259.370972, -379088.906153
259.416229, -379187.453821
259.461517, -379285.956202
259.506775, -379384.413325
259.552032, -379482.825190
259.597290, -379581.191797
259.642548, -379679.513148
259.687805, -379777.789240
259.733063, -379876.020075
259.778320, -379974.205652
259.823578, -380072.345972
259.868835, -380170.441035
259.914124, -380268.490809
259.959381, -380366.495325
260.004639, -380464.454584
260.049896, -380562.368586
260.095154, -380660.237330
260.140442, -380758.060785
260.185669, -380855.839014
260.230957, -380953.571955
260.276215, -381051.259638
260.321472, -381148.902064
260.366730, -381246.499232
260.411987, -381344.051142
260.457275, -381441.557764
260.502533, -381539.019129
260.547791, -381636.435236
260.590698, -381733.808436
260.633331, -381831.139002
260.675934, -381928.426966
260.718536, -382025.672327
260.761108, -382122.875117
260.803711, -382220.035303
260.846313, -382317.152888
260.888916, -382414.227869
260.931519, -382511.260248
260.974091, -382608.250055
261.016693, -382705.197260
261.059265, -382802.101893
261.101868, -382898.963923
261.144470, -382995.783350
261.187042, -383092.560206
261.229645, -383189.294459
261.272217, -383285.986139
261.314819, -383382.635218
261.357422, -383479.241694
261.399994, -383575.805597
261.442596, -383672.326899
261.485168, -383768.805628
261.527771, -383865.241755
261.570374, -383961.635279
261.612946, -384057.986231
261.655579, -384154.294550
261.698151, -384250.560297
261.740753, -384346.783442
261.783325, -384442.964014
261.825928, -384539.101984
261.868530, -384635.197352
261.911102, -384731.250147
261.953705, -384827.260340
261.996307, -384923.227930
262.038879, -385019.152949
262.081482, -385115.035364
262.124084, -385210.875178
262.166687, -385306.672388
262.209290, -385402.426996
262.251862, -385498.139033
262.294464, -385593.808466
262.337036, -385689.435328
262.379639, -385785.019587
262.422241, -385880.561243
262.464844, -385976.060297
262.507446, -386071.516749
262.550018, -386166.930628
262.592621, -386262.301905
262.635193, -386357.630610
262.677795, -386452.916712
262.720398, -386548.160212
262.763000, -386643.361109
262.805573, -386738.519434
262.848175, -386833.635157
262.890747, -386928.708307
262.933350, -387023.738856
262.975952, -387118.726801
263.018555, -387213.672144
263.061127, -387308.574915
263.103729, -387403.435084
263.146301, -387498.252680
263.188904, -387593.027674
263.231506, -387687.760065
263.274109, -387782.449854
263.316681, -387877.097071
263.359283, -387971.701685
263.401886, -388066.263697
263.444458, -388160.783137
263.487061, -388255.259974
263.529663, -388349.694208
263.572266, -388444.085840
263.614838, -388538.434900
263.657410, -388632.741389
263.700012, -388727.005274
263.742615, -388821.226557
263.785217, -388915.405237
263.827789, -389009.541346
263.870392, -389103.634852
263.912994, -389197.685755
263.955566, -389291.694086
263.998169, -389385.659815
264.040771, -389479.582941
264.083344, -389573.463495
264.125946, -389667.301447
264.168518, -389761.096827
264.211121, -389854.849604
264.253723, -389948.559778
264.296326, -390042.227350
264.338898, -390135.852350
264.381500, -390229.434748
264.424072, -390322.974573
264.466675, -390416.471796
264.509277, -390509.926417
264.551880, -390603.338434
264.594452, -390696.707880
264.637054, -390790.034723
264.679657, -390883.318964
264.722229, -390976.560633
264.764832, -391069.759699
264.807434, -391162.916163
264.850006, -391256.030054
264.892609, -391349.101343
264.935181, -391442.130060
264.977783, -391535.116175
265.020386, -391628.059687
265.062988, -391720.960596
265.105591, -391813.818903
265.148163, -391906.634638
265.190765, -391999.407770
265.233368, -392092.138300
265.275940, -392184.826258
265.318542, -392277.471613
265.361145, -392370.074366
265.403748, -392462.634516
265.446320, -392555.152094
265.488892, -392647.627100
265.531494, -392740.059504
265.574097, -392832.449305
265.616699, -392924.796503
265.659271, -393017.101130
265.701874, -393109.363154
265.744476, -393201.582575
265.787048, -393293.759424
265.829651, -393385.893671
265.872253, -393477.985316
265.914856, -393570.034357
265.957428, -393662.040827
266.000031, -393754.004694
266.042603, -393845.925989
266.085205, -393937.804682
266.127808, -394029.640772
266.170410, -394121.434260
266.212982, -394213.185175
266.255585, -394304.893488
266.298157, -394396.559229
266.340759, -394488.182368
266.383362, -394579.762903
266.425964, -394671.300837
266.468536, -394762.796198
266.511139, -394854.248957
266.553711, -394945.659144
266.596313, -395037.026728
266.638916, -395128.351710
266.681519, -395219.634089
266.724121, -395310.873865
266.766693, -395402.071070
266.809296, -395493.225672
266.851868, -395584.337702
266.894470, -395675.407129
266.937073, -395766.433954
266.979675, -395857.418177
267.022247, -395948.359827
267.064850, -396039.258875
267.107422, -396130.115351
267.150024, -396220.929224
267.192627, -396311.700495
267.235229, -396402.429163
267.277802, -396493.115259
267.320404, -396583.758753
267.362976, -396674.359675
267.405579, -396764.917994
267.448181, -396855.433710
267.490753, -396945.906855
267.533356, -397036.337397
267.575958, -397126.725336
267.618530, -397217.070704
267.661133, -397307.373469
267.703735, -397397.633631
267.746338, -397487.851191
267.788910, -397578.026179
267.831512, -397668.158564
267.874084, -397758.248377
267.916687, -397848.295588
267.959290, -397938.300196
268.001892, -398028.262201
268.044464, -398118.181635
268.087067, -398208.058466
268.129669, -398297.892695
268.172241, -398387.684351
268.214844, -398477.433405
268.257446, -398567.139857
268.300049, -398656.803705
268.342621, -398746.424982
268.385223, -398836.003657
268.427826, -398925.539728
268.470398, -399015.033228
268.513000, -399104.484125
268.555603, -399193.892420
268.598206, -399283.258112
268.640778, -399372.581232
268.683380, -399461.861750
268.725983, -399551.099665
268.766266, -399640.297297
268.808594, -399729.452601
268.848846, -399818.567652
268.888885, -399907.642664
268.928864, -399996.677698
268.968872, -400085.672724
269.008850, -400174.627772
269.048859, -400263.542811
269.088867, -400352.417841
269.128845, -400441.252894
269.168823, -400530.047968
269.208832, -400618.803034
269.248810, -400707.518122
269.288788, -400796.193232
269.328796, -400884.828333
269.368774, -400973.423456
269.408783, -401061.978571
269.448792, -401150.493677
269.488770, -401238.968805
269.528748, -401327.403956
269.568756, -401415.799097
269.611023, -401504.151972
269.653564, -401592.462305
269.696167, -401680.730036
269.714722, -401768.979212
269.689575, -401857.253535
269.641510, -401945.575922
269.589783, -402033.950037
269.537415, -402122.376520
269.484924, -402210.855494
269.423553, -402299.395838
269.348297, -402388.011439
269.238220, -402476.737116
269.103210, -402565.597803
268.961975, -402654.599726
268.819153, -402743.744471
268.675964, -402833.032404
268.532654, -402922.463648
268.389313, -403012.038233
268.245972, -403101.756159
268.102661, -403191.617396
267.959290, -403281.622004
267.815979, -403371.769922
267.672607, -403462.061213
267.529297, -403552.495814
267.385925, -403643.073786
267.242584, -403733.795099
267.099243, -403824.659754
266.955902, -403915.667750
266.812561, -404006.819086
266.669189, -404098.113795
266.525879, -404189.551813
266.382507, -404281.133204
266.239197, -404372.857905
266.095825, -404464.725977
265.952484, -404556.737391
265.809143, -404648.892145
265.665802, -404741.190241
265.522461, -404833.631678
265.379120, -404926.216456
265.235779, -405018.944575
265.092438, -405111.816035
264.949097, -405204.830836
264.805756, -405297.988978
264.662415, -405391.290461
264.519073, -405484.735285
264.375732, -405578.323450
264.232361, -405672.054987
264.089050, -405765.929835
263.945679, -405859.948054
263.802368, -405954.109583
263.658997, -406048.414484
263.515686, -406142.862696
263.372314, -406237.454279
263.228973, -406332.189203
263.085632, -406427.067469
262.942291, -406522.089075
262.798950, -406617.254023
262.655579, -406712.562342
262.512268, -406808.013972
262.368896, -406903.608973
262.225586, -406999.347285
262.082245, -407095.228937
261.938904, -407191.253931
261.795532, -407287.422297
261.652222, -407383.733973
261.508850, -407480.189020
261.365540, -407576.787378
261.222198, -407673.529078
261.078857, -407770.414118
260.935516, -407867.442499
260.792175, -407964.614222
260.648804, -408061.929316
260.505463, -408159.387751
260.362122, -408256.989527
260.218781, -408354.734644
260.075439, -408452.623102
259.932129, -408550.654871
259.788757, -408648.830012
259.645447, -408747.148462
259.502075, -408845.610285
259.358765, -408944.215418
259.215393, -409042.963923
259.072052, -409141.855768
258.928711, -409240.890955
258.785400, -409340.069452
258.642029, -409439.391321
258.498718, -409538.856501
258.355347, -409638.465052
258.212036, -409738.216913
258.068695, -409838.112116
257.925354, -409938.150660
257.782013, -410038.332545
257.638672, -410138.657770
257.495331, -410239.126337
257.351990, -410339.738245
257.208649, -410440.493494
257.065308, -410541.392084
256.921967, -410642.434015
256.778625, -410743.619288
256.635315, -410844.947870
256.491943, -410946.419825
256.348602, -411048.035120
256.205261, -411149.793757
256.061951, -411251.695704
255.918594, -411353.741007
255.775238, -411455.929667
255.631897, -411558.261667
255.488556, -411660.737009
255.345230, -411763.355677
255.215958, -411866.103617
255.100403, -411968.967112
254.998016, -412071.932993
254.898468, -412174.998423
254.799530, -412278.162790
254.700714, -412381.425974
254.601929, -412484.787943
254.503143, -412588.248697
254.404373, -412691.808222
254.305573, -412795.466547
254.206802, -412899.223643
254.108032, -413003.079508
254.009247, -413107.034159
253.910477, -413211.087580
253.811707, -413315.239771
253.712921, -413419.490748
253.614136, -413523.840510
253.515350, -413628.289057
253.416580, -413732.836374
253.317810, -413837.482462
253.219025, -413942.227335
253.120239, -414047.070994
253.021454, -414152.013437
252.922668, -414257.054667
252.823883, -414362.194681
252.725113, -414467.433466
252.626328, -414572.771036
252.527557, -414678.207377
252.428772, -414783.742502
252.339828, -414889.366572
252.252869, -414995.077601
252.166321, -415100.875178
252.079834, -415206.759241
251.993378, -415312.729761
251.906906, -415418.786753
251.820450, -415524.930201
251.734009, -415631.160090
251.647552, -415737.476435
251.561096, -415843.879236
251.474640, -415950.368494
251.388184, -416056.944208
251.301727, -416163.606379
251.215271, -416270.355005
251.128815, -416377.190088
251.042358, -416484.111628
250.955902, -416591.119623
250.869446, -416698.214075
250.782990, -416805.394983
250.696533, -416912.662348
250.610077, -417020.016169
250.523621, -417127.456446
250.437164, -417234.983179
250.350708, -417342.596369
250.264252, -417450.296015
250.177795, -417558.082117
250.091339, -417665.954676
250.004898, -417773.913675
249.918427, -417881.959147
249.831970, -417990.091074
249.745514, -418098.309458
249.659058, -418206.614298
249.572617, -418315.005579
249.486160, -418423.483317
249.375854, -418532.071360
249.218674, -418640.816584
249.034149, -418749.746332
248.841461, -418858.868769
248.646332, -418968.186335
248.450439, -419077.699793
248.232071, -419187.431620
247.991364, -419297.404154
247.742935, -419407.625117
247.491776, -419518.097239
247.239655, -419628.821482
246.987213, -419739.798166
246.734634, -419851.027430
246.468292, -419962.523035
246.182297, -420074.304636
245.888870, -420186.379664
245.592560, -420298.751002
245.295135, -420411.419764
244.997253, -420524.386408
244.699234, -420637.651072
244.389648, -420751.225321
244.075439, -420865.113779
243.759338, -420979.318339
243.442490, -421093.839747
243.125351, -421208.678293
242.808075, -421323.834116
242.490753, -421439.307261
242.173416, -421555.097742
241.856079, -421671.205561
241.538712, -421787.630747
241.221359, -421904.373285
240.903992, -422021.433191
240.586639, -422138.810450
240.269287, -422256.505060
239.951935, -422374.517023
239.634567, -422492.846354
239.317230, -422611.493021
238.999847, -422730.457071
238.682495, -422849.738474
238.365143, -422969.337229
238.047775, -423089.253351
237.730408, -423209.486841
237.413055, -423330.037684
237.095703, -423450.905878
236.778351, -423572.091425
236.460999, -423693.594324
236.143631, -423815.414591
235.826294, -423937.552195
235.508911, -424060.007181
235.191559, -424182.779520
234.874207, -424305.869211
234.556839, -424429.276270
234.239471, -424553.000696
233.922119, -424677.042475
233.604767, -424801.401606
233.287415, -424926.078089
232.970047, -425051.071940
232.652695, -425176.383143
232.335327, -425302.011713
232.017975, -425427.957636
231.700623, -425554.220911
231.383255, -425680.801554
231.065903, -425807.699549
230.748550, -425934.914896
230.431183, -426062.447611
230.113831, -426190.297678
229.796478, -426318.465098
229.479111, -426446.949885
229.161758, -426575.752024
228.844391, -426704.871531
228.527054, -426834.308375
228.209686, -426964.062586
227.892319, -427094.134165
227.574982, -427224.523081
227.257614, -427355.229365
226.940247, -427486.253016
226.622894, -427617.594019
226.305542, -427749.252375
225.988190, -427881.228083
225.670837, -428013.521143
225.353470, -428146.131571
225.036118, -428279.059351
224.718765, -428412.304484
224.401382, -428545.866999
224.084045, -428679.746851
223.766678, -428813.944071
223.449326, -428948.458643
223.131973, -429083.290568
222.814606, -429218.439860
222.497253, -429353.906504
222.179901, -429489.690500
221.862534, -429625.791865
221.545181, -429762.210581
221.227814, -429898.946665
220.910461, -430036.000101
220.593109, -430173.370890
220.275742, -430311.059046
219.958389, -430449.064554
219.641037, -430587.387415
219.323669, -430726.027643
219.006317, -430864.985224
218.688965, -431004.260157
218.371597, -431143.852457
218.054260, -431283.762095
217.736893, -431423.989100
217.419525, -431564.533472
217.102173, -431705.395197
216.784805, -431846.574290
216.467453, -431988.070734
216.150101, -432129.884531
215.832748, -432272.015680
215.515396, -432414.464182
215.198029, -432557.230051
214.880661, -432700.313288
214.563309, -432843.713877
214.245941, -432987.431833
213.928604, -433131.467127
213.611252, -433275.819773
213.293884, -433420.489786
212.976532, -433565.477152
212.659164, -433710.781885
212.341812, -433856.403971
212.024460, -434002.343409
211.707092, -434148.600214
211.389740, -434295.174372
211.072388, -434442.065882
210.755020, -434589.274759
210.437668, -434736.800989
210.120300, -434884.644587
209.802948, -435032.805536
209.485596, -435181.283838
209.168228, -435330.079508
208.850876, -435479.192530
208.533524, -435628.622904
208.216156, -435778.370646
207.898804, -435928.435740
207.581451, -436078.818186
207.264084, -436229.518000
206.946732, -436380.535166
206.629364, -436531.869700
206.312012, -436683.521586
205.994659, -436835.490824
205.677292, -436987.777430
205.359940, -437140.381388
205.042572, -437293.302714
204.725204, -437446.541407
204.407867, -437600.097437
204.090500, -437753.970835
203.773132, -437908.161600
203.455780, -438062.669718
203.138428, -438217.495188
202.821060, -438372.638025
202.503708, -438528.098215
202.186340, -438683.875773
201.868988, -438839.970682
201.551636, -438996.382944
201.234268, -439153.112574
200.916916, -439310.159556
200.599564, -439467.523890
200.282196, -439625.205591
199.964844, -439783.204645
199.647476, -439941.521067
199.330124, -440100.154841
199.012772, -440259.105967
198.695404, -440418.374460
198.378052, -440577.960306
198.060699, -440737.863505
197.743332, -440898.084070
197.425980, -441058.621988
197.108627, -441219.477259
196.791260, -441380.649897
196.473907, -441542.139887
196.156540, -441703.947245
195.839188, -441866.071955
195.521835, -442028.514017
195.204468, -442191.273447
194.887115, -442354.350229
194.569763, -442517.744364
194.252396, -442681.455866
193.935043, -442845.484720
193.617676, -443009.830942
193.300323, -443174.494517
192.982971, -443339.475443
192.665604, -443504.773737
192.348251, -443670.389384
192.030899, -443836.322382
191.713531, -444002.572748
191.396179, -444169.140467
191.078827, -444336.025538
190.761459, -444503.227976
190.444107, -444670.747767
190.126740, -444838.584925
189.809387, -445006.739435
189.492035, -445175.211298
189.186340, -445343.988856
188.935349, -445513.017405
188.786179, -445682.195124
188.702484, -445851.456537
188.652893, -446020.767542
188.626343, -446190.105097
188.649017, -446359.419977
188.687775, -446528.696100
188.727676, -446697.932322
188.767654, -446867.128565
188.807663, -447036.284800
188.847656, -447205.401041
188.887634, -447374.477305
188.927643, -447543.513560
188.967636, -447712.509821
189.007614, -447881.466105
189.047623, -448050.382380
189.087616, -448219.258661
189.127594, -448388.094965
189.167603, -448556.891260
189.207581, -448725.647577
189.247574, -448894.363901
189.287582, -449063.040217
189.327560, -449231.676554
189.367554, -449400.272898
189.407547, -449568.829249
189.447540, -449737.345606
189.487534, -449905.821970
189.527527, -450074.258341
189.567520, -450242.654719
189.607498, -450411.011118
189.647491, -450579.327524
189.687485, -450747.603937
189.727478, -450915.840357
189.767471, -451084.036783
189.807465, -451252.193217
189.847458, -451420.309656
189.887436, -451588.386118
189.927444, -451756.422571
189.967438, -451924.419031
190.007416, -452092.375513
190.047424, -452260.291987
190.087418, -452428.168467
190.127396, -452596.004969
190.167404, -452763.801462
190.207382, -452931.557978
190.247375, -453099.274500
190.287384, -453266.951014
190.327362, -453434.587549
190.367355, -453602.184092
190.407364, -453769.740626
190.447342, -453937.257181
190.487335, -454104.733744
190.527328, -454272.170313
190.567322, -454439.566889
190.607300, -454606.923487
190.647308, -454774.240076
190.687302, -454941.516672
190.727280, -455108.753290
190.767288, -455275.949900
190.807266, -455443.106531
190.847260, -455610.223170
190.887253, -455777.299814
190.927246, -455944.336466
190.967239, -456111.333124
191.007233, -456278.289789
191.047226, -456445.206461
191.087219, -456612.083140
191.127197, -456778.919840
191.167206, -456945.716532
191.207199, -457112.473231
191.247177, -457279.189951
191.287186, -457445.866663
191.327164, -457612.503397
191.367157, -457779.100138
191.407166, -457945.656870
191.447144, -458112.173624
191.487137, -458278.650385
191.527130, -458445.087153
191.567123, -458611.483927
191.607117, -458777.840708
191.647110, -458944.157496
191.687103, -459110.434290
191.727081, -459276.671107
191.767090, -459442.867914
191.807083, -459609.024729
191.847061, -459775.141566
191.887070, -459941.218394
191.927048, -460107.255243
191.967041, -460273.252100
192.007034, -460439.208964
192.047028, -460605.125834
192.087021, -460771.002711
192.127014, -460936.839594
192.167007, -461102.636484
192.206985, -461268.393397
192.246994, -461434.110300
192.286987, -461599.787211
192.326965, -461765.424143
192.366959, -461931.021082
192.406967, -462096.578013
192.446945, -462262.094965
192.486938, -462427.571924
192.526932, -462593.008890
192.566925, -462758.405863
192.606918, -462923.762842
192.646912, -463089.079828
192.686905, -463254.356821
192.726883, -463419.593836
192.766891, -463584.790842
192.806870, -463749.947870
192.846863, -463915.064905
192.886871, -464080.141932
192.926849, -464245.178980
192.966843, -464410.176035
193.006836, -464575.133097
193.046829, -464740.050165
193.086807, -464904.927256
193.126816, -465069.764338
193.166809, -465234.561426
193.206787, -465399.318537
193.246796, -465564.035639
193.286774, -465728.712763
193.326767, -465893.349894
193.366776, -466057.947016
193.406754, -466222.504160
193.446747, -466387.021311
193.486740, -466551.498469
193.526733, -466715.935633
193.566727, -466880.332804
193.606720, -467044.689982
193.646713, -467209.007166
193.686691, -467373.284373
193.726700, -467537.521570
193.766693, -467701.718775
193.806671, -467865.876002
193.846664, -468029.993235
193.886673, -468194.070460
193.926651, -468358.107706
193.966644, -468522.104960
194.006638, -468686.062220
194.046631, -468849.979487
194.086624, -469013.856760
194.126617, -469177.694040
194.166611, -469341.491327
194.206589, -469505.248636
194.246597, -469668.965937
194.286575, -469832.643259
194.326569, -469996.280588
194.366577, -470159.877909
194.406555, -470323.435251
194.446548, -470486.952601
194.486542, -470650.429957
194.526535, -470813.867319
194.566513, -470977.264704
194.606522, -471140.622080
194.646500, -471303.939478
194.686493, -471467.216883
194.726501, -471630.454279
194.766479, -471793.651697
194.806473, -471956.809122
194.846466, -472119.926554
194.886459, -472283.003992
194.926437, -472446.041453
194.966446, -472609.038904
195.006439, -472771.996363
195.046417, -472934.913843
195.086426, -473097.791315
195.126419, -473260.628794
195.166412, -473423.426279
195.206406, -473586.183771
195.246399, -473748.901270
195.286392, -473911.578776
195.326370, -474074.216303
195.366379, -474236.813822
195.406372, -474399.371348
195.446350, -474561.888895
195.486359, -474724.366434
195.526352, -474886.803980
195.566330, -475049.201548
195.606339, -475211.559107
195.646332, -475373.876673
195.686310, -475536.154261
195.726318, -475698.391840
195.766296, -475860.589441
195.806290, -476022.747050
195.846298, -476184.864649
195.886276, -476346.942270
195.926270, -476508.979899
195.966263, -476670.977534
196.006256, -476832.935175
196.046234, -476994.852839
196.086243, -477156.730494
196.126236, -477318.568155
196.166214, -477480.365839
196.206223, -477642.123514
196.246201, -477803.841212
196.286194, -477965.518915
196.326187, -478127.156626
196.368469, -478288.752054
196.411026, -478450.304926
196.453613, -478611.815211
196.496216, -478773.282892
196.538803, -478934.707987
196.581390, -479096.090494
196.623993, -479257.430399
196.666580, -479418.727717
196.709183, -479579.982432
196.751770, -479741.194559
196.794357, -479902.364100
196.836960, -480063.491038
196.879547, -480224.575388
196.922134, -480385.617151
196.964737, -480546.616312
197.007324, -480707.572886
197.049927, -480868.486857
197.092514, -481029.358240
197.135101, -481190.187037
197.177704, -481350.973231
197.220291, -481511.716837
197.262894, -481672.417841
197.305496, -481833.076243
197.348083, -481993.692057
197.393021, -482154.262934
197.438248, -482314.788584
197.483505, -482475.268976
197.528763, -482635.704111
197.574020, -482796.093989
197.619293, -482956.438593
197.664536, -483116.737955
197.709793, -483276.992060
197.755066, -483437.200892
197.800323, -483597.364466
197.845581, -483757.482783
197.890854, -483917.555826
197.936111, -484077.583613
197.981369, -484237.566141
198.026642, -484397.503397
198.071899, -484557.395395
198.117172, -484717.242121
198.162430, -484877.043589
198.207672, -485036.799814
198.252930, -485196.510782
198.298203, -485356.176478
198.343460, -485515.796915
198.388718, -485675.372095
198.433990, -485834.902003
198.479248, -485994.386652
198.524506, -486153.826044
198.569778, -486313.220164
198.615036, -486472.569025
198.660309, -486631.872614
198.705566, -486791.130945
198.750809, -486950.344034
198.796066, -487109.511866
198.841339, -487268.634424
198.886597, -487427.711725
198.931854, -487586.743769
198.977127, -487745.730540
199.022385, -487904.672053
199.067642, -488063.568308
199.112915, -488222.419291
199.158173, -488381.225016
199.203430, -488539.985483
199.248703, -488698.700678
199.293945, -488857.370630
199.339203, -489015.995325
199.384460, -489174.574763
199.429733, -489333.108927
199.474991, -489491.597834
199.520248, -489650.041483
199.565521, -489808.439860
199.610779, -489966.792978
199.656052, -490125.100825
199.701309, -490283.363413
199.746567, -490441.580744
199.791840, -490599.752802
199.837082, -490757.879618
199.882339, -490915.961176
199.927612, -491073.997462
199.972870, -491231.988489
200.018127, -491389.934260
200.063400, -491547.834757
200.108658, -491705.689997
200.153915, -491863.499979
200.199188, -492021.264689
200.244446, -492178.984141
200.289703, -492336.658335
200.334976, -492494.287256
200.380219, -492651.870936
200.425476, -492809.409357
200.470749, -492966.902506
200.516006, -493124.350397
200.561264, -493281.753031
200.606537, -493439.110392
200.651794, -493596.422495
200.697052, -493753.689341
200.742325, -493910.910914
200.787582, -494068.087229
200.832840, -494225.218287
200.878113, -494382.304072
200.923355, -494539.344614
200.968628, -494696.339884
201.013885, -494853.289896
201.059143, -495010.194651
201.104416, -495167.054133
201.149673, -495323.868357
201.194931, -495480.637324
201.240204, -495637.361017
201.285461, -495794.039454
201.330719, -495950.672632
201.375977, -496107.260554
201.421249, -496263.803202
201.466492, -496420.300608
201.511765, -496576.752741
201.557022, -496733.159617
201.602280, -496889.521235
201.647552, -497045.837580
201.692810, -497202.108668
201.738068, -497358.334498
201.783340, -497514.515055
201.828598, -497670.650355
201.873856, -497826.740397
201.919128, -497982.785166
201.964386, -498138.784678
202.009628, -498294.738947
202.054901, -498450.647944
202.100159, -498606.511683
202.145416, -498762.330164
202.190689, -498918.103373
202.235947, -499073.831324
202.281204, -499229.514017
202.326477, -499385.151438
202.371735, -499540.743601
202.416992, -499696.290507
202.462265, -499851.792139
202.507523, -500007.248514
202.552765, -500162.659647
202.598038, -500318.025507
202.643295, -500473.346110
202.688553, -500628.621454
202.733826, -500783.851526
202.779083, -500939.036341
202.824341, -501094.175898
202.869598, -501249.270197
202.914871, -501404.319224
202.960129, -501559.322993
203.005386, -501714.281504
203.050659, -501869.194742
203.095901, -502024.062739
203.141159, -502178.885477
203.186417, -502333.662958
203.231689, -502488.395167
203.276947, -502643.082117
203.322220, -502797.723795
203.367477, -502952.320215
203.412735, -503106.871378
203.457993, -503261.377283
203.503265, -503415.837916
203.548523, -503570.253290
203.593781, -503724.623408
203.639038, -503878.948267
203.684296, -504033.227869
203.729553, -504187.462214
203.774826, -504341.651285
203.820084, -504495.795099
203.865341, -504649.893656
203.910614, -504803.946940
203.955872, -504957.954966
204.001129, -505111.917734
204.046402, -505265.835230
204.091660, -505419.707468
204.136917, -505573.534449
204.182175, -505727.316172
204.227432, -505881.052637
204.272690, -506034.743845
204.317963, -506188.389780
204.363220, -506341.990458
204.408478, -506495.545878
204.453751, -506649.056025
204.499008, -506802.520914
204.544266, -506955.940546
204.589539, -507109.314905
204.634796, -507262.644007
204.680054, -507415.927851
204.725311, -507569.166437
204.770569, -507722.359766
204.815826, -507875.507837
204.861084, -508028.610651
204.906342, -508181.668207
204.951614, -508334.680491
204.996872, -508487.647516
205.042145, -508640.569269
205.087402, -508793.445765
205.132660, -508946.277003
205.177917, -509099.062983
205.223190, -509251.803690
205.268448, -509404.499140
205.313705, -509557.149332
205.358963, -509709.754267
205.404221, -509862.313944
205.449478, -510014.828364
205.494751, -510167.297510
205.540009, -510319.721399
205.585266, -510472.100031
205.630539, -510624.433390
205.675797, -510776.721491
205.721054, -510928.964335
205.766327, -511081.161905
205.811584, -511233.314219
205.856842, -511385.421274
205.902100, -511537.483072
205.947357, -511689.499613
205.992615, -511841.470896
206.037872, -511993.396921
206.083145, -512145.277674
206.128403, -512297.113169
206.173660, -512448.903406
206.218918, -512600.648386
206.264191, -512752.348093
206.309448, -512904.002543
206.354706, -513055.611735
206.399979, -513207.175654
206.445236, -513358.694315
206.490494, -513510.167719
206.535751, -513661.595865
206.581009, -513812.978754
206.626266, -513964.316385
206.671539, -514115.608744
206.716797, -514266.855845
206.762054, -514418.057688
206.807327, -514569.214258
206.852585, -514720.325571
206.897842, -514871.391627
206.943115, -515022.412409
206.988373, -515173.387934
207.033615, -515324.318217
207.078873, -515475.203242
207.124146, -515626.042994
207.169403, -515776.837488
207.214661, -515927.586725
207.259933, -516078.290690
207.305191, -516228.949396
207.350449, -516379.562845
207.395721, -516530.131022
207.419235, -516680.675684
207.372406, -516831.267176
207.259827, -516981.971247
207.065872, -517132.869272
206.802917, -517284.030253
206.450745, -517435.543406
205.981750, -517587.525553
205.433395, -517740.056055
204.810333, -517893.209620
204.114532, -518047.058985
203.355042, -518201.667841
202.536392, -518357.095347
201.666931, -518513.392313
200.757874, -518670.598337
199.813812, -518828.748423
198.841156, -518987.871165
197.844849, -519147.990214
196.825592, -519309.128519
195.777557, -519471.314860
194.704742, -519634.574015
193.608765, -519798.929148
192.492416, -519964.400629
191.358063, -520131.006464
190.207703, -520298.762659
189.042953, -520467.683603
187.865295, -520637.782206
186.675949, -520809.070154
185.475967, -520981.558085
184.266312, -521155.255671
183.047791, -521330.171778
181.821152, -521506.314524
180.587067, -521683.691355
179.346100, -521862.309153
178.098785, -522042.174265
176.845581, -522223.292582
175.586945, -522405.669535
174.323227, -522589.310206
173.054840, -522774.219263
171.782059, -522960.401102
170.505203, -523147.859797
169.224533, -523336.599161
167.940308, -523526.622751
166.652771, -523717.933878
165.362106, -523910.535670
164.068527, -524104.431040
162.772186, -524299.622751
161.473312, -524496.113337
160.172012, -524693.905222
158.868439, -524893.000681
157.562759, -525093.401819
156.255051, -525295.110666
154.945465, -525498.129099
153.634094, -525702.458903
152.321060, -525908.101740
151.006439, -526115.059199
149.690338, -526323.332758
148.372833, -526532.923823
147.054001, -526743.833719
145.733917, -526956.063700
144.412659, -527169.614939
143.090286, -527384.488550
141.766846, -527600.685602
140.442413, -527818.207087
139.117050, -528037.053934
137.790787, -528257.227045
136.463684, -528478.727259
135.135788, -528701.555369
133.807144, -528925.712122
132.477768, -529151.198252
131.147736, -529378.014414
129.817047, -529606.161265
128.485764, -529835.639399
127.153893, -530066.449404
125.821495, -530298.591807
124.488586, -530532.067118
123.155167, -530766.875849
121.821304, -531003.018442
120.487007, -531240.495333
119.150742, -531479.308489
117.812607, -531719.459780
116.472733, -531960.950945
115.131157, -532203.783686
113.788017, -532447.959566
112.443352, -532693.480112
111.097244, -532940.346766
109.749786, -533188.560877
108.401016, -533438.123759
107.051025, -533689.036631
105.699844, -533941.300684
104.347549, -534194.917032
102.994194, -534449.886736
101.639824, -534706.210810
100.284477, -534963.890230
98.928215, -535222.925913
97.571091, -535483.318720
96.213120, -535745.069498
94.854347, -536008.179049
93.494827, -536272.648119
92.134583, -536538.477434
90.773628, -536805.667704
89.412033, -537074.219568
88.049797, -537344.133669
86.686966, -537615.410601
85.323555, -537888.050944
83.959610, -538162.055231
82.595139, -538437.423990
81.230156, -538714.157732
79.864716, -538992.256914
78.498795, -539271.722017
77.132462, -539552.553454
75.765701, -539834.751650
74.398560, -540118.316988
73.031036, -540403.249850
71.663139, -540689.550608
70.294899, -540977.219607
68.926331, -541266.257174
67.557442, -541556.663630
66.188248, -541848.439280
64.818779, -542141.584398
63.449024, -542436.099272
62.079002, -542731.984167
60.708736, -543029.239329
59.338234, -543327.864992
57.967487, -543627.861403
56.596531, -543929.228769
55.225357, -544231.967310
53.853985, -544536.077223
52.482414, -544841.558706
51.110661, -545148.411944
49.738731, -545456.637110
48.366634, -545766.234373
46.994377, -546077.203894
45.621964, -546389.545828
44.249397, -546703.260328
42.876698, -547018.347529
41.503860, -547334.807566
40.130898, -547652.640566
38.757809, -547971.846655
37.384602, -548292.425951
36.011276, -548614.378573
34.637852, -548937.704619
33.264317, -549262.404200
31.890682, -549588.477415
30.516954, -549915.924359
29.143141, -550244.745115
27.769230, -550574.939783
26.395245, -550906.508436
25.021172, -551239.451163
23.647028, -551573.768032
22.272812, -551909.459118
20.898525, -552246.524491
19.524170, -552584.964218
18.149752, -552924.778364
16.775272, -553265.966990
15.400735, -553608.530153
14.026141, -553952.467909
12.651496, -554297.780311
11.276797, -554644.467411
9.917082, -554992.514227
8.672805, -555341.805320
7.756558, -555692.012659
7.326438, -556042.650119
7.097023, -556393.516993
7.103302, -556744.377588
7.143079, -557095.198407
7.185458, -557445.976846
7.228034, -557796.712710
7.270627, -558147.405981
7.313219, -558498.056660
7.355813, -558848.664746
7.398406, -559199.230238
7.440998, -559549.753138
7.483592, -559900.233444
7.526185, -560250.671157
7.568778, -560601.066277
7.611371, -560951.418804
7.653963, -561301.728739
7.696556, -561651.996081
7.739149, -562002.220829
7.781744, -562352.402983
7.824336, -562702.542545
7.866928, -563052.639514
7.909522, -563402.693890
7.952115, -563752.705672
7.994709, -564102.674862
8.037301, -564452.601458
8.079894, -564802.485462
8.122487, -565152.326873
8.165081, -565502.125689
8.207674, -565851.881913
8.250267, -566201.595544
8.292862, -566551.266579
8.335455, -566900.895022
8.378048, -567250.480872
8.420642, -567600.024128
8.463236, -567949.524790
8.505829, -568298.982858
8.548422, -568648.398334
8.591016, -568997.771216
8.633609, -569347.101505
8.676201, -569696.389202
8.718796, -570045.634304
8.761389, -570394.836813
8.803982, -570743.996729
8.846575, -571093.114052
8.889168, -571442.188781
8.931762, -571791.220917
8.974356, -572140.210459
9.016948, -572489.157409
9.059542, -572838.061765
9.102135, -573186.923528
9.144728, -573535.742698
9.187321, -573884.519275
9.229914, -574233.253259
9.272507, -574581.944650
9.315100, -574930.593448
9.357693, -575279.199653
9.400286, -575627.763265
9.442879, -575976.284284
9.485471, -576324.762711
9.528066, -576673.198543
9.570658, -577021.591783
9.613252, -577369.942429
9.655845, -577718.250482
9.698439, -578066.515941
9.741031, -578414.738808
9.783623, -578762.919083
9.826218, -579111.056763
9.868810, -579459.151851
9.911403, -579807.204346
9.953997, -580155.214247
9.996589, -580503.181556
10.039183, -580851.106271
10.081776, -581198.988393
10.124370, -581546.827922
10.166962, -581894.624858
10.209556, -582242.379200
10.252149, -582590.090949
10.294743, -582937.760104
10.337335, -583285.386667
10.379928, -583632.970637
10.422521, -583980.512014
10.465114, -584328.010798
10.507707, -584675.466989
10.550300, -585022.880587
10.592892, -585370.251593
10.635486, -585717.580005
10.678080, -586064.865823
10.720672, -586412.109050
10.763267, -586759.309681
10.805859, -587106.467720
10.848453, -587453.583165
10.891044, -587800.656019
10.933638, -588147.686279
10.976231, -588494.673946
11.018825, -588841.619019
11.061417, -589188.521500
11.104010, -589535.381388
11.146603, -589882.198683
11.189196, -590228.973386
11.231789, -590575.705495
11.274382, -590922.395011
11.316975, -591269.041934
11.359568, -591615.646264
11.402161, -591962.208001
11.444752, -592308.727147
11.487346, -592655.203699
11.529939, -593001.637658
11.572530, -593348.029026
11.615125, -593694.377799
11.657719, -594040.683978
11.700310, -594386.947566
11.742905, -594733.168559
11.785497, -595079.346960
11.828089, -595425.482769
11.870684, -595771.575983
11.913276, -596117.626605
11.955867, -596463.634636
11.998460, -596809.600074
12.041054, -597155.522917
12.083646, -597501.403169
12.126239, -597847.240828
12.168832, -598193.035894
12.211426, -598538.788366
12.254019, -598884.498245
12.296613, -599230.165530
12.339206, -599575.790222
12.381799, -599921.372321
12.424394, -600266.911825
12.466987, -600612.408736
12.509580, -600957.863054
12.552173, -601303.274779
12.594766, -601648.643911
12.637359, -601993.970450
12.679951, -602339.254397
12.722546, -602684.495749
12.765138, -603029.694509
12.807732, -603374.850675
12.850326, -603719.964247
12.892918, -604065.035227
12.935511, -604410.063615
12.978104, -604755.049409
13.020696, -605099.992611
13.063289, -605444.893220
13.105882, -605789.751236
13.148475, -606134.566659
13.191067, -606479.339490
13.233661, -606824.069727
13.276255, -607168.757370
13.318847, -607513.402421
13.361439, -607858.004880
13.404031, -608202.564747
13.446625, -608547.082020
13.489218, -608891.556699
13.531811, -609235.988786
13.574404, -609580.378280
13.616997, -609924.725181
13.659588, -610269.029491
13.702183, -610613.291206
13.744775, -610957.510329
13.787367, -611301.686860
13.829960, -611645.820798
13.872553, -611989.912142
13.915146, -612333.960894
13.957739, -612677.967053
14.000332, -613021.930619
14.042925, -613365.851592
14.085519, -613709.729971
14.128110, -614053.565758
14.170704, -614397.358952
14.213297, -614741.109553
14.255891, -615084.817560
14.298483, -615428.482975
14.341077, -615772.105796
14.383668, -616115.686025
14.426263, -616459.223660
14.468854, -616802.718704
14.511446, -617146.171156
14.554041, -617489.581012
14.596635, -617832.948275
14.639228, -618176.272945
14.681820, -618519.555023
14.724413, -618862.794508
14.767008, -619205.991398
14.809601, -619549.145694
14.852196, -619892.257396
14.894787, -620235.326507
14.937380, -620578.353025
14.979975, -620921.336948
15.022570, -621264.278276
15.065161, -621607.177013
15.107752, -621950.033159
15.150347, -622292.846710
15.192940, -622635.617668
15.235535, -622978.346031
15.278130, -623321.031799
15.320721, -623663.674976
15.363314, -624006.275560
15.405909, -624348.833549
15.448502, -624691.348945
15.491095, -625033.821748
15.533688, -625376.251959
15.576283, -625718.639574
15.618876, -626060.984596
15.661467, -626403.287027
15.704062, -626745.546863
15.746656, -627087.764105
15.789249, -627429.938753
15.831844, -627772.070806
15.874439, -628114.160265
15.917032, -628456.207130
15.959621, -628798.211406
16.002216, -629140.173088
16.044809, -629482.092176
16.087402, -629823.968672
16.129997, -630165.802572
16.172590, -630507.593879
16.215185, -630849.342592
16.257776, -631191.048713
16.300371, -631532.712240
16.342966, -631874.333172
16.385557, -632215.911512
16.428150, -632557.447260
16.470745, -632898.940412
16.513338, -633240.390972
16.555933, -633581.798937
16.598526, -633923.164308
16.641119, -634264.487087
16.683712, -634605.767273
16.726309, -634947.004862
16.768898, -635288.199861
16.811495, -635629.352264
16.854088, -635970.462074
16.896683, -636311.529289
16.939276, -636652.553911
16.981869, -636993.535940
17.024466, -637334.475372
17.067057, -637675.372213
17.109650, -638016.226461
17.152245, -638357.038114
17.194838, -638697.807174
17.237432, -639038.533640
17.280024, -639379.217514
17.322615, -639719.858797
17.365208, -640060.457487
17.407803, -640401.013582
17.450394, -640741.527086
17.492989, -641081.997995
17.535582, -641422.426311
17.578176, -641762.812032
17.620771, -642103.155159
17.663364, -642443.455692
17.705956, -642783.713634
17.748549, -643123.928983
17.791145, -643464.101736
17.833736, -643804.231897
17.876333, -644144.319462
17.918928, -644484.364431
17.961521, -644824.366808
18.004114, -645164.326591
18.046707, -645504.243782
18.089298, -645844.118381
18.131891, -646183.950388
18.174484, -646523.739801
18.217079, -646863.486620
18.259670, -647203.190847
18.304609, -647542.850136
18.349831, -647882.464203
18.395088, -648222.033012
18.440346, -648561.556564
18.485609, -648901.034853
18.530870, -649240.467880
18.576128, -649579.855650
18.621393, -649919.198154
18.666655, -650258.495397
18.711916, -650597.747379
18.757175, -650936.954101
18.802437, -651276.115562
18.847696, -651615.231764
18.892958, -651954.302704
18.938219, -652293.328382
18.983480, -652632.308799
19.028742, -652971.243955
19.074003, -653310.133850
19.119265, -653648.978483
19.164528, -653987.777853
19.209789, -654326.531961
19.255053, -654665.240806
19.300316, -655003.904388
19.345575, -655342.522711
19.390835, -655681.095773
19.436096, -656019.623575
19.481359, -656358.106113
19.526619, -656696.543392
19.571882, -657034.935407
19.617144, -657373.282161
19.662407, -657711.583652
19.707668, -658049.839882
19.752928, -658388.050852
19.798189, -658726.216560
19.843452, -659064.337005
19.888716, -659402.412187
19.933975, -659740.442110
19.979237, -660078.426771
20.024498, -660416.366171
20.069759, -660754.260309
20.115023, -661092.109184
20.160284, -661429.912798
20.205545, -661767.671150
20.250807, -662105.384241
20.296068, -662443.052070
20.341330, -662780.674638
20.386593, -663118.251943
20.431854, -663455.783987
20.477114, -663793.270771
20.522375, -664130.712293
20.567636, -664468.108555
20.612898, -664805.459554
20.658161, -665142.765291
20.703421, -665480.025768
20.748684, -665817.240982
20.793943, -666154.410936
20.839205, -666491.535629
20.884464, -666828.615062
20.929726, -667165.649234
20.974987, -667502.638145
21.020250, -667839.581793
21.065512, -668176.480179
21.110773, -668513.333303
21.156034, -668850.141166
21.201296, -669186.903768
21.246557, -669523.621109
21.291821, -669860.293186
21.337080, -670196.920004
21.382341, -670533.501560
21.427601, -670870.037857
21.472864, -671206.528890
21.518124, -671542.974664
21.563385, -671879.375177
21.608648, -672215.730426
21.653906, -672552.040418
21.699167, -672888.305149
21.744429, -673224.524618
21.789692, -673560.698824
21.834953, -673896.827768
21.880219, -674232.911447
21.925482, -674568.949863
21.970741, -674904.943020
22.016003, -675240.890915
22.061264, -675576.793548
22.106524, -675912.650922
22.151783, -676248.463037
22.197046, -676584.229889
22.242308, -676919.951479
22.287571, -677255.627805
22.332834, -677591.258869
22.378094, -677926.844673
22.423355, -678262.385215
22.468613, -678597.880501
22.513872, -678933.330526
22.559135, -679268.735288
22.604393, -679604.094793
22.649656, -679939.409034
22.694918, -680274.678014
22.740177, -680609.901735
22.785435, -680945.080198
22.830696, -681280.213400
22.875959, -681615.301338
22.921221, -681950.344015
22.966484, -682285.341428
23.011744, -682620.293583
23.057005, -682955.200475
23.102264, -683290.062109
23.147528, -683624.878479
23.192787, -683959.649589
23.238047, -684294.375440
23.283308, -684629.056030
23.328569, -684963.691358
23.373835, -685298.281421
23.419092, -685632.826227
23.464355, -685967.325769
23.509613, -686301.780054
23.554876, -686636.189075
23.600136, -686970.552837
23.645397, -687304.871338
23.690659, -687639.144577
23.735918, -687973.372556
23.781181, -688307.555273
23.826441, -688641.692730
23.871700, -688975.784927
23.916965, -689309.831859
23.962229, -689643.833528
24.007488, -689977.789938
24.052750, -690311.701086
24.098015, -690645.566969
24.143272, -690979.387594
24.188534, -691313.162958
24.233793, -691646.893062
24.279055, -691980.577905
24.324318, -692314.217485
24.369577, -692647.811805
24.414841, -692981.360862
24.460102, -693314.864658
24.505362, -693648.323194
24.550625, -693981.736467
24.595886, -694315.104479
24.641142, -694648.427234
24.686405, -694981.704727
24.731670, -695314.936954
24.776928, -695648.123924
24.822189, -695981.265632
24.867451, -696314.362079
24.912712, -696647.413265
24.957972, -696980.419191
25.003231, -697313.379858
25.048491, -697646.295265
25.093756, -697979.165407
25.139015, -698311.990289
25.184278, -698644.769909
25.229542, -698977.504265
25.274801, -699310.193361
25.320061, -699642.837198
25.365322, -699975.435774
25.410583, -700307.989088
25.455843, -700640.497143
25.501104, -700972.959936
25.546366, -701305.377468
25.591627, -701637.749738
25.636892, -701970.076744
25.682150, -702302.358492
25.727411, -702634.594978
25.772673, -702966.786203
25.817934, -703298.932167
25.863195, -703631.032869
25.908455, -703963.088312
25.953718, -704295.098491
25.998981, -704627.063408
26.044241, -704958.983064
26.089502, -705290.857460
26.134764, -705622.686594
26.180021, -705954.470470
26.225283, -706286.209085
26.270544, -706617.902439
26.315805, -706949.550531
26.361067, -707281.153362
26.406328, -707612.710931
26.451591, -707944.223238
26.496851, -708275.690284
26.542114, -708607.112068
26.587374, -708938.488592
26.632635, -709269.819854
26.677896, -709601.105856
26.723156, -709932.346597
26.768419, -710263.542076
26.813679, -710594.692295
26.858938, -710925.797254
26.904202, -711256.856950
26.949463, -711587.871385
26.994724, -711918.840559
27.039986, -712249.764471
27.085245, -712580.643123
27.130508, -712911.476513
27.175770, -713242.264641
27.221029, -713573.007509
27.266291, -713903.705116
27.311550, -714234.357464
27.356812, -714564.964550
27.402073, -714895.526375
27.447336, -715226.042936
27.492594, -715556.514240
27.537857, -715886.940281
27.583118, -716217.321060
27.628378, -716547.656580
27.673641, -716877.946836
27.718903, -717208.191831
27.764160, -717538.391569
27.809423, -717868.546043
27.854683, -718198.655258
27.899944, -718528.719211
27.945208, -718858.737901
27.990469, -719188.711330
28.035728, -719518.639499
28.080992, -719848.522405
28.126253, -720178.360050
28.171513, -720508.152435
28.216776, -720837.899557
28.262037, -721167.601417
28.307297, -721497.258018
28.352558, -721826.869358
28.397818, -722156.435438
28.443081, -722485.956255
28.488338, -722815.431814
28.533604, -723144.862108
28.578865, -723474.247141
28.624126, -723803.586912
28.669384, -724132.881426
28.714649, -724462.130674
28.759909, -724791.334663
28.805172, -725120.493389
28.850433, -725449.606853
28.895697, -725778.675054
28.940952, -726107.698000
28.986217, -726436.675680
29.031477, -726765.608101
29.076736, -727094.495262
29.121998, -727423.337162
29.167257, -727752.133802
29.212521, -728080.885179
29.257782, -728409.591295
29.303045, -728738.252147
29.348303, -729066.867742
29.393570, -729395.438070
29.438826, -729723.963142
29.484089, -730052.442951
29.529350, -730380.877498
29.574614, -730709.266782
29.619873, -731037.610807
29.665138, -731365.909567
29.710398, -731694.163067
29.755665, -732022.371299
29.800922, -732350.534275
29.846186, -732678.651987
29.891445, -733006.724439
29.936707, -733334.751630
29.981966, -733662.733562
30.027225, -733990.670234
30.072491, -734318.561641
30.117746, -734646.407793
30.163013, -734974.208677
30.208275, -735301.964300
30.253542, -735629.674656
30.298801, -735957.339752
30.344061, -736284.959589
30.389322, -736612.534164
30.434582, -736940.063480
30.479845, -737267.547533
30.525106, -737594.986324
30.570366, -737922.379856
30.615629, -738249.728124
30.660887, -738577.031135
30.706146, -738904.288887
30.751411, -739231.501373
30.796671, -739558.668600
30.841934, -739885.790563
30.887192, -740212.867269
30.932455, -740539.898712
30.977715, -740866.884895
31.022980, -741193.825813
31.068239, -741520.721471
31.113503, -741847.571867
31.158764, -742174.377001
31.204027, -742501.136871
31.249283, -742827.851486
31.294548, -743154.520836
31.339811, -743481.144922
31.385071, -743807.723749
31.430332, -744134.257314
31.475595, -744460.745617
31.520855, -744787.188659
31.566118, -745113.586439
31.611380, -745439.938957
31.656639, -745766.246216
31.701900, -746092.508213
31.747160, -746418.724950
31.792423, -746744.896425
31.837685, -747071.022638
31.882948, -747397.103588
31.928207, -747723.139278
31.973473, -748049.129703
32.018730, -748375.074871
32.063992, -748700.974777
32.109253, -749026.829422
32.154514, -749352.638805
32.199776, -749678.402927
32.245045, -750004.121780
32.290302, -750329.795376
32.335567, -750655.423706
32.380829, -750981.006775
32.426090, -751306.544582
32.471352, -751632.037128
32.516617, -751957.484409
32.561878, -752282.886429
32.607143, -752608.243183
32.652401, -752933.554680
32.697662, -753258.820915
32.742920, -753584.041893
32.788189, -753909.217601
32.833447, -754234.348053
32.878712, -754559.433239
32.923969, -754884.473167
32.969231, -755209.467834
33.014492, -755534.417240
33.059757, -755859.321380
33.105022, -756184.180256
33.150284, -756508.993869
33.195541, -756833.762226
33.240799, -757158.485325
33.286068, -757483.163154
33.331322, -757807.795730
33.376583, -758132.383045
33.421848, -758456.925094
33.467106, -758781.421886
33.512371, -759105.873413
33.557632, -759430.279678
33.602898, -759754.640678
33.648159, -760078.956417
33.693420, -760403.226894
33.738678, -760727.452114
33.783943, -761051.632068
33.829205, -761375.766761
33.874466, -761699.856193
33.919727, -762023.900364
33.964989, -762347.899273
34.010250, -762671.852920
34.055511, -762995.761306
34.100777, -763319.624428
34.146034, -763643.442291
34.191296, -763967.214893
34.236561, -764290.942230
34.281822, -764614.624305
34.327084, -764938.261120
34.372345, -765261.852672
34.417606, -765585.398964
34.462875, -765908.899986
34.498955, -766232.364929
34.527431, -766555.801395
34.555111, -766879.210182
34.589226, -767202.584854
34.717659, -767525.831093
34.896412, -767848.898578
35.001667, -768171.860809
35.073299, -768494.751407
35.126186, -768817.589119
35.167332, -769140.385685
35.200546, -769463.149036
35.228100, -769785.884834
35.251446, -770108.597286
35.271561, -770431.289623
35.289127, -770753.964393
35.304653, -771076.623638
35.318501, -771399.269035
35.330948, -771721.901985
35.342216, -772044.523666
35.352493, -772367.135071
35.361904, -772689.737064
35.370567, -773012.330394
35.378586, -773334.915706
35.386028, -773657.493576
35.392960, -773980.064514
35.399441, -774302.628971
35.405506, -774625.187362
35.411213, -774947.740047
35.416592, -775270.287353
35.421673, -775592.829578
35.426476, -775915.367000
35.431034, -776237.899864
35.435364, -776560.428398
35.439487, -776882.952808
35.443417, -777205.473289
35.447166, -777527.990020
35.450748, -777850.503170
35.454185, -778173.012882
35.457474, -778495.519306
35.460625, -778818.022579
35.463657, -779140.522819
35.466572, -779463.020145
35.469379, -779785.514663
35.472080, -780108.006481
35.474689, -780430.495689
35.477203, -780752.982383
35.479630, -781075.466652
35.481976, -781397.948574
35.484245, -781720.428226
35.486446, -782042.905678
35.488579, -782365.380996
35.490646, -782687.854248
35.492649, -783010.325496
35.494591, -783332.794803
35.496479, -783655.262222
35.498314, -783977.727806
35.500103, -784300.191601
35.501835, -784622.653663
35.503525, -784945.114036
35.505173, -785267.572761
35.506771, -785590.029888
35.508339, -785912.485447
35.509865, -786234.939480
35.511345, -786557.392032
35.512798, -786879.843132
35.514214, -787202.292816
35.515594, -787524.741119
35.516945, -787847.188072
35.518265, -788169.633705
35.519554, -788492.078048
35.520817, -788814.521129
35.522049, -789136.962978
35.523258, -789459.403618
35.524441, -789781.843075
35.525600, -790104.281372
