id, lat, lon, theta, x, y, psi, vel, psi_dot, left_v, right_v, accel
0,35.1948813725,-97.4386322061,-2.88718896904e-35,3.23240096831e-17,-6.01458034859e-52,2.38905700879e-35,6.16319216167e-15,-2.58468454793e-34,3.48441053478e-18,3.48441053478e-18,0.0,
1,35.194845195,-97.4387640417,2.5194818693e-35,-3.27517138255e-17,1.10464341721e-52,-3.55158363337e-35,1.99229707386e-14,-4.97299049603e-34,9.11713344278e-18,9.11713344278e-18,0.0,
2,35.1948550217,-97.4386824461,4.82546968205e-37,-1.36458921527e-17,-1.15585666357e-52,-1.49902506873e-36,1.9188185225e-14,4.07103728486e-34,7.69023818435e-18,7.69023818435e-18,0.0,
3,35.1948453916,-97.4388118159,-9.16536913899e-36,-3.64160759146e-17,1.96008307437e-52,8.89334347225e-36,1.42114239627e-14,-1.57107422661e-34,5.02836216218e-18,5.02836216218e-18,0.0,
4,35.1948650446,-97.4389657213,-1.78818833169e-37,1.41206424228e-17,-4.31738453377e-52,1.49528386759e-36,-1.09895922528e-14,-1.0907474613e-34,-3.3693241665e-18,-3.3693241665e-18,0.0,
5,35.1948436095,-97.4386587843,2.15415209882e-35,-5.35037015784e-17,2.53889318746e-52,-8.87437448418e-36,-4.65399025282e-14,2.74506794436e-34,-1.30603614074e-17,-1.30603614074e-17,0.0,
6,35.194870229,-97.438509141,-1.11302311166e-35,3.2998199176e-17,-5.97421259636e-52,1.38216895098e-35,1.30291925273e-14,3.48130496141e-35,3.34376858803e-18,3.34376858803e-18,0.0,
7,35.1948600128,-97.4385903582,-2.14169967959e-35,-4.02427170042e-18,-2.82174046144e-52,1.91109042995e-35,-6.45200478185e-15,-1.2314332463e-34,-1.54534800557e-18,-1.54534800557e-18,0.0,
8,35.1948603285,-97.4388142635,6.74788432533e-37,-3.71074308936e-18,-2.98726028107e-52,7.62341258683e-36,1.04738369355e-14,-9.68829247863e-35,2.18729305226e-18,2.18729305226e-18,0.0,
9,35.1948460614,-97.4385823532,-5.48194931863e-36,-6.31780302344e-17,1.5230516047e-52,7.03160950506e-36,-8.08404654453e-15,-1.36324261028e-34,-1.60767164498e-18,-1.60767164498e-18,0.0,
10,35.1948712345,-97.4385390277,1.67542647122e-35,4.95731567269e-17,-6.22052913859e-52,-2.26989677959e-35,4.72402532527e-14,-2.77202231078e-34,8.79279707487e-18,8.79279707487e-18,0.0,
11,35.1948457889,-97.4386032259,-1.36013035406e-38,-6.98989992724e-17,1.24813554012e-52,5.89876194204e-37,-7.94089392066e-15,1.31835628938e-34,-1.37487552754e-18,-1.37487552754e-18,0.0,
12,35.1948554228,-97.4385298539,1.3806578122e-36,-2.33792440869e-17,-1.37848765637e-52,1.83977676186e-36,-2.10375827368e-14,2.17751709929e-34,-3.45963826531e-18,-3.45963826531e-18,0.0,
13,35.1948524513,-97.4387180432,7.81042117991e-36,-3.98874401487e-17,-7.45696227077e-53,-4.82422936318e-36,7.87480886432e-15,5.15435557726e-35,1.21231996623e-18,1.21231996623e-18,0.0,
14,35.1948325821,-97.4388004921,3.3517321828e-35,-1.53295686462e-16,3.62740924645e-52,-3.50021528527e-35,-8.00257646379e-14,7.40362225352e-34,-1.18714831289e-17,-1.18714831289e-17,0.0,
15,35.1948513293,-97.4385497828,9.05306509013e-35,-4.15388157694e-17,-1.90854098264e-52,-6.96533413266e-35,7.09578461548e-14,1.1448195718e-33,1.00132721653e-17,1.00132721653e-17,0.0,
16,35.1948517079,-97.4386898205,-8.9523268105e-36,-4.01098470574e-17,-1.47531045072e-52,2.70577787286e-36,3.76669931614e-14,6.24643505657e-34,5.08495258452e-18,5.08495258452e-18,0.0,
17,35.194848948,-97.4387323923,3.461988935e-35,-6.01909576928e-17,-2.3595124878e-53,-3.51245906245e-35,-3.38824840875e-14,6.8168559082e-34,-4.24891930757e-18,-4.24891930757e-18,0.0,
18,35.1948743967,-97.4387146226,-5.75023771821e-36,1.13592864744e-16,-1.15131842663e-51,9.26271670066e-36,5.33622850529e-16,6.88404803803e-37,6.4466233451e-20,6.4466233451e-20,0.0,
19,35.1948710004,-97.4388122171,-6.82540286164e-36,9.06830067918e-17,-9.90125627965e-52,3.80718352091e-36,1.26538643413e-14,-4.62753354032e-35,1.47710654846e-18,1.47710654846e-18,0.0,
20,35.1948375748,-97.4385937006,2.69394717476e-35,-1.57902782472e-16,3.77597810723e-52,-1.23190275044e-35,-6.37755051702e-14,-1.49309347364e-34,-7.08370083641e-18,-7.08370083641e-18,0.0,
21,35.1948736961,-97.4386570396,2.87744694904e-35,1.21522992559e-16,-1.15884174946e-51,-2.34690837888e-35,7.57609116954e-14,4.27667809983e-34,8.05622786356e-18,8.05622786356e-18,0.0,
22,35.194880889,-97.4387717686,3.50704941907e-35,1.83175291839e-16,-1.33284527485e-51,-1.43281861853e-35,1.51202332431e-13,9.88199054584e-34,1.54170535937e-17,1.54170535937e-17,0.0,
23,35.1948546317,-97.4387884442,4.90979011941e-35,-3.86171722259e-17,-4.2157616344e-52,-2.68044331456e-35,-1.15772345903e-13,8.44795709333e-34,-1.15615899062e-17,-1.15615899062e-17,0.0,
24,35.1948572507,-97.4387952619,1.88739391316e-35,-1.6667664467e-17,-5.36295461394e-52,-1.5843120833e-35,9.35984309699e-14,-2.18303621713e-33,8.87098069178e-18,8.87098069178e-18,0.0,
25,35.194846251,-97.4388593691,1.37266667536e-35,-1.14915982433e-16,-1.09174697913e-52,-1.30034496181e-35,1.31639347071e-14,2.57713970275e-35,1.21319720111e-18,1.21319720111e-18,0.0,
26,35.1948652658,-97.4386445953,8.74092451596e-36,5.97033701272e-17,-9.01178267829e-52,-1.44114022283e-35,2.38972518618e-15,4.52028597551e-36,2.13447494193e-19,2.13447494193e-19,0.0,
27,35.1948491087,-97.4386875163,-1.06465119034e-36,-9.35884641516e-17,-1.62180526855e-52,2.75736105109e-36,1.55720616601e-15,7.12885357814e-36,1.34690273228e-19,1.34690273228e-19,0.0,
28,35.1948584891,-97.438642936,3.52804725961e-35,-3.54626905237e-19,-5.87505442452e-52,-5.58612340984e-35,8.08232767908e-14,7.91197278212e-34,6.77444005437e-18,6.77444005437e-18,0.0,
29,35.1948546559,-97.4387859902,-9.43799981777e-37,-4.06668470811e-17,-3.53960223931e-52,3.56375719007e-37,-1.38417187904e-14,3.56969488304e-35,-1.13347512283e-18,-1.13347512283e-18,0.0,
30,35.1948550148,-97.4387967052,5.048462972e-36,-3.74598774921e-17,-3.89045709512e-52,-1.73498850635e-35,-1.21875761369e-13,-7.20135688582e-39,-9.64715313587e-18,-9.64715313587e-18,0.0,
31,35.194861258,-97.438704972,4.75623375531e-36,2.87181571127e-17,-7.29330854607e-52,-6.45373742685e-37,-3.22517519874e-14,-1.65220189201e-39,-2.47241338649e-18,-2.47241338649e-18,0.0,
32,35.1948557402,-97.4388546609,-5.69286681524e-36,-3.15643994425e-17,-4.19249128787e-52,6.93794528109e-36,-6.15877751598e-14,-5.36465097809e-34,-4.6036776993e-18,-4.6036776993e-18,0.0,
33,35.1948621088,-97.4384507894,1.36679822925e-36,3.9481452455e-17,-7.80007388002e-52,-1.51846959511e-36,-1.80590791447e-14,1.38839959135e-35,-1.331243987e-18,-1.331243987e-18,0.0,
34,35.1948431432,-97.4388750974,1.0223302313e-36,-1.77627910626e-16,2.98104349659e-52,-3.56183678006e-36,-2.02313435456e-14,-1.51913470452e-35,-1.4397708507e-18,-1.4397708507e-18,0.0,
35,35.1948641187,-97.4386893207,6.43784226676e-36,6.63863178312e-17,-9.53718126725e-52,-6.54185408312e-36,-4.23490341192e-14,1.54934428179e-34,-2.93403246132e-18,-2.93403246132e-18,0.0,
36,35.194864636,-97.4387049855,-1.4405298813e-35,7.23758539484e-17,-9.76629186633e-52,9.71128655295e-36,4.04368049674e-15,-2.00845544561e-35,2.76025402148e-19,2.76025402148e-19,0.0,
37,35.194870264,-97.4384878112,1.34426493529e-35,1.42933624931e-16,-1.28950515351e-51,-1.15383354361e-35,-7.16413241716e-14,5.4943510342e-34,-4.73190180962e-18,-4.73190180962e-18,0.0,
38,35.1948515127,-97.4386819082,1.20929341746e-35,-9.53761318713e-17,-2.02854229558e-52,-9.17167849693e-37,-8.5482575873e-14,4.06035256206e-34,-5.53236915796e-18,-5.53236915796e-18,0.0,
39,35.1948473553,-97.4387432644,-4.07168273233e-35,-1.49193900049e-16,4.56607754798e-53,3.65021862375e-35,-6.21287538807e-14,-9.08157671829e-34,-3.91225168062e-18,-3.91225168062e-18,0.0,
40,35.1948517159,-97.4388208353,-6.93961933908e-36,-9.1307680813e-17,-2.24526043012e-52,1.34938300351e-36,-1.01349947948e-13,-6.61414439113e-35,-6.21804275404e-18,-6.21804275404e-18,0.0,
41,35.1948418488,-97.4388677059,-5.80863113789e-35,-2.27229499303e-16,3.72418238824e-52,6.12122195153e-35,-1.72400085255e-13,-2.62917566405e-33,-1.03696595548e-17,-1.03696595548e-17,0.0,
42,35.1948660394,-97.4387222072,8.88905861972e-35,1.11959921416e-16,-9.26054435688e-52,-9.47263754328e-35,4.56896771299e-13,3.39213101934e-33,2.72594373381e-17,2.72594373381e-17,0.0,
43,35.1948535319,-97.4387029587,5.92990284469e-36,-6.2163457309e-17,-2.49139981303e-52,-6.18769964958e-36,3.84916536167e-14,1.63809813e-34,2.24088240355e-18,2.24088240355e-18,0.0,
44,35.1948757747,-97.4385924221,7.22843035739e-36,2.589121969e-16,-1.36954284719e-51,-3.05250735546e-36,3.95292910067e-14,-7.04442903389e-35,2.25565818847e-18,2.25565818847e-18,0.0,
45,35.1948514733,-97.4387120417,-7.30742487577e-36,-9.70951988862e-17,-1.2937901648e-52,-5.78862806086e-36,1.17984173011e-13,2.07449941343e-34,6.5214684865e-18,6.5214684865e-18,0.0,
46,35.1948512021,-97.4385767243,-7.73758889455e-37,-1.03485827642e-16,-1.06207988882e-52,-4.97311675718e-36,5.05982108714e-14,-3.190883262e-34,2.76344272145e-18,2.76344272145e-18,0.0,
47,35.1948510728,-97.438615057,-1.17520382757e-36,-1.03948659532e-16,-1.24644258473e-52,6.21404567003e-36,1.30373808002e-13,-2.2106783857e-34,6.92304774681e-18,6.92304774681e-18,0.0,
48,35.1948671599,-97.4387480632,-8.65112298419e-36,1.48078498818e-16,-1.02503584615e-51,1.56416046657e-35,-7.42068821644e-14,3.68168330614e-34,-3.87890896505e-18,-3.87890896505e-18,0.0,
49,35.1948637608,-97.4387139692,-4.0852153185e-36,9.61240059853e-17,-8.29100012524e-52,3.30183370549e-36,-1.31896748887e-13,2.13021031275e-34,-6.82115366136e-18,-6.82115366136e-18,0.0,
50,35.194851511,-97.4386813629,-4.34777116605e-35,-1.05472993907e-16,-1.90775645092e-52,5.17332318548e-35,-2.3450427671e-13,-7.49605614748e-34,-1.1639027968e-17,-1.1639027968e-17,0.0,
51,35.1948554716,-97.4388333549,-4.77265109556e-35,-4.14704824616e-17,-4.03941500631e-52,2.71936745486e-35,-9.72198737875e-14,-9.12468310824e-34,-4.80644394709e-18,-4.80644394709e-18,0.0,
52,35.1948688289,-97.4387989074,1.10514785382e-36,1.86331666047e-16,-9.80734133444e-52,-5.93396318363e-37,4.80772605433e-14,-4.96207665483e-35,2.31110148291e-18,2.31110148291e-18,0.0,
53,35.194858546,-97.4386815173,-5.27587029111e-36,1.18301480018e-17,-5.47104855479e-52,6.55925895669e-36,-6.91840606713e-14,-1.73917046706e-34,-3.32635733103e-18,-3.32635733103e-18,0.0,
54,35.1948718373,-97.4386712109,6.82313655042e-37,2.43940580892e-16,-1.09372923158e-51,-4.78732526098e-36,-5.61028026617e-14,-4.55224639011e-39,-2.62638109151e-18,-2.62638109151e-18,0.0,
55,35.1948314992,-97.4388491024,3.09794453442e-35,-4.68821661081e-16,6.19743184771e-52,-2.46100624816e-35,-2.11239814271e-13,9.15435648513e-34,-9.98311006786e-18,-9.98311006786e-18,0.0,
56,35.1948569856,-97.4387647308,3.51055803017e-35,-6.2710184901e-18,-5.95620029361e-52,-3.65196164933e-35,2.38623696106e-13,1.37622227431e-33,1.0793752562e-17,1.0793752562e-17,0.0,
57,35.194855045,-97.4385628565,1.59869127708e-35,-4.17490999452e-17,-4.75164585265e-52,-1.5873936684e-35,-9.84361229419e-14,2.32094471958e-34,-4.38291225997e-18,-4.38291225997e-18,0.0,
58,35.1948505567,-97.4385751005,-8.52073302778e-37,-1.27243540753e-16,-2.14986903044e-52,-2.13777491049e-36,-5.76415186317e-14,2.18952975295e-40,-2.51942569133e-18,-2.51942569133e-18,0.0,
59,35.1948513637,-97.4387878151,1.38027970506e-35,-1.10965893346e-16,-2.70999150762e-52,-1.10242690744e-35,-1.53357164227e-13,4.22971706228e-34,-6.57178055899e-18,-6.57178055899e-18,0.0,
60,35.1948563209,-97.4388252216,-8.20008391831e-37,-1.39782546994e-17,-5.42764399579e-52,1.2541117866e-36,4.01260611658e-14,3.59459020187e-35,1.7206417468e-18,1.7206417468e-18,0.0,
61,35.1948616157,-97.438803022,9.98260075267e-36,8.51916087493e-17,-8.32834444236e-52,-1.35218420421e-35,-5.28899169715e-13,-1.16548995458e-33,-2.24623282885e-17,-2.24623282885e-17,0.0,
62,35.1948519019,-97.4387655659,2.60311644068e-35,-1.04901555802e-16,-2.78764616324e-52,-2.67066581335e-35,1.61326045571e-13,8.41399320617e-34,6.74089214901e-18,6.74089214901e-18,0.0,
63,35.1948400939,-97.438700789,-1.36677701317e-35,-3.41533572214e-16,4.20735018191e-52,1.09589703791e-35,-2.66798137681e-14,1.15801450341e-35,-1.08191614865e-18,-1.08191614865e-18,0.0,
64,35.1948748311,-97.4388251708,1.00898343675e-35,3.65210391608e-16,-1.5952113337e-51,2.37942079883e-35,3.50372166174e-13,-8.94890133763e-34,1.39548336898e-17,1.39548336898e-17,0.0,
65,35.1948632628,-97.4385413495,-8.22819547855e-36,1.24685515488e-16,-9.8615334771e-52,1.25364983754e-35,-1.22730996428e-13,1.53074060603e-34,-4.89590776347e-18,-4.89590776347e-18,0.0,
66,35.1948834211,-97.4385450261,-1.17829235044e-35,5.4655929031e-16,-2.01688840443e-51,6.51519527681e-36,8.93990412991e-14,-2.92935154626e-34,3.50729062769e-18,3.50729062769e-18,0.0,
67,35.194856986,-97.4386105909,-3.50523069166e-36,-1.34275577028e-17,-7.19330529962e-52,-6.74321694471e-37,-4.02158880695e-14,1.14683127319e-34,-1.54060346925e-18,-1.54060346925e-18,0.0,
68,35.1948743922,-97.4386588128,-1.37655798889e-35,3.62115519876e-16,-1.59659175688e-51,1.52969332459e-35,2.12821956276e-13,-8.47138166149e-35,8.15993212313e-18,8.15993212313e-18,0.0,
69,35.1948479661,-97.4385644375,-5.0290925137e-35,-2.15415454339e-16,-3.19403332986e-52,3.5402114619e-35,-5.299169649e-13,-2.09905567004e-33,-1.98412579172e-17,-1.98412579172e-17,0.0,
70,35.1948793591,-97.438684801,1.92574499608e-36,4.7780988463e-16,-1.80874906295e-51,-4.53943294363e-36,9.59090743887e-14,3.73891261273e-35,3.5291971743e-18,3.5291971743e-18,0.0,
71,35.194856731,-97.4386964994,-8.06512135276e-37,-3.11559710842e-17,-7.24802344248e-52,-2.94802120674e-36,-1.61522155516e-13,-3.10940675561e-34,-5.85915236157e-18,-5.85915236157e-18,0.0,
72,35.1948630409,-97.4387406073,-2.83349959604e-36,1.09962423953e-16,-1.02257866627e-51,4.54374254515e-36,2.25506522998e-14,8.53001514183e-36,8.17447129066e-19,8.17447129066e-19,0.0,
73,35.1948648021,-97.4386571716,-4.10242024744e-36,1.51449815109e-16,-1.11311618319e-51,9.22572277785e-37,1.02748022542e-13,-3.86529149309e-35,3.63607783324e-18,3.63607783324e-18,0.0,
74,35.1948894563,-97.4385171617,2.80915394776e-35,7.24688326835e-16,-2.36655632472e-51,-4.19425903659e-36,1.94672105314e-13,5.04953748641e-34,6.80449110658e-18,6.80449110658e-18,0.0,
75,35.1948612116,-97.4385664625,2.03054995501e-35,5.99891985341e-17,-9.44473709943e-52,-1.80577819717e-35,1.14794993862e-13,-8.44425442076e-35,3.93377912749e-18,3.93377912749e-18,0.0,
76,35.1948657766,-97.4387907039,-2.49923107164e-35,1.6817578832e-16,-1.20233679179e-51,2.90859191331e-35,-1.61946225367e-13,1.16380345929e-33,-5.59039411135e-18,-5.59039411135e-18,0.0,
77,35.1948520411,-97.4386495509,-2.08967544822e-35,-1.62720783927e-16,-4.7141035798e-52,1.820642506e-35,-1.65495098916e-13,-8.82141710825e-34,-5.63019538559e-18,-5.63019538559e-18,0.0,
78,35.1948562101,-97.4388218474,-2.31758507281e-35,-6.04960746363e-17,-6.37884759886e-52,2.63439753609e-35,-3.2651781645e-13,-1.26063078381e-33,-1.10469190728e-17,-1.10469190728e-17,0.0,
79,35.1948656914,-97.4386807522,-1.37416178273e-35,1.74555739439e-16,-1.12910213166e-51,1.36786052171e-35,1.00693866515e-13,-3.14220668408e-34,3.35816333843e-18,3.35816333843e-18,0.0,
80,35.1948673714,-97.4386225392,-7.6911112961e-36,2.15569240707e-16,-1.22107249351e-51,4.75213551754e-36,1.43558308506e-15,-9.83824401627e-37,4.64314756804e-20,4.64314756804e-20,0.0,
81,35.1948647056,-97.4386788202,7.89034912043e-36,1.48579573715e-16,-1.08126715224e-51,-1.16933194861e-35,1.17179718374e-13,2.40351384053e-34,3.74037891011e-18,3.74037891011e-18,0.0,
82,35.194872127,-97.4387781476,-8.18753130739e-36,3.3679584207e-16,-1.43529326966e-51,1.63239799003e-35,-1.79156854507e-13,-7.22855926784e-34,-5.68623759857e-18,-5.68623759857e-18,0.0,
83,35.1948589935,-97.4385498621,4.8263954634e-36,-4.40447156247e-18,-8.25964521453e-52,6.12393295636e-36,3.87301820004e-13,6.43384668511e-34,1.22156174832e-17,1.22156174832e-17,0.0,
84,35.1948545595,-97.4386474244,1.70068875532e-37,-1.12579900366e-16,-6.37033885747e-52,-8.68345137762e-37,-1.41483540472e-13,4.20543208363e-34,-4.37983313378e-18,-4.37983313378e-18,0.0,
85,35.1948762302,-97.4387266403,7.07932625515e-36,4.67217052148e-16,-1.51182240752e-51,-1.37577054999e-35,3.09854431457e-13,3.99888473939e-34,9.63566590637e-18,9.63566590637e-18,0.0,
86,35.1948551437,-97.4385692858,2.09992847273e-36,-9.85574463402e-17,-6.44616908795e-52,-5.07333944616e-37,5.6347677218e-14,1.80914777171e-35,1.69847437464e-18,1.69847437464e-18,0.0,
87,35.1948601859,-97.4386909108,1.06831497777e-35,4.11262121612e-17,-8.82490744001e-52,2.48438308923e-35,6.39215536345e-13,4.06902953292e-34,1.91557909471e-17,1.91557909471e-17,0.0,
88,35.1948740815,-97.4388272192,7.28362451778e-36,4.21593729379e-16,-1.49288391659e-51,-2.62934661825e-36,-3.10410395351e-13,9.7655900625e-35,-9.21218446703e-18,-9.21218446703e-18,0.0,
89,35.1948410693,-97.438668591,4.9283803506e-36,-4.87771147335e-16,-4.7632117214e-53,-1.51414392883e-36,-5.99395952728e-14,-1.11016378416e-34,-1.78587943142e-18,-1.78587943142e-18,0.0,
90,35.1948523222,-97.4387402187,-8.37905820605e-37,-1.73557463462e-16,-6.02670890116e-52,2.48159189044e-36,1.1072676769e-16,-6.61409320003e-38,3.2339939867e-21,3.2339939867e-21,0.0,
91,35.1948683437,-97.438791217,-1.41281612172e-35,2.83431767628e-16,-1.42525000609e-51,1.65579623921e-35,-1.98394190672e-13,6.0584111395e-35,-5.70135930739e-18,-5.70135930739e-18,0.0,
92,35.1948633356,-97.438619126,-9.22153952904e-36,1.39239236965e-16,-1.18627964497e-51,6.38863848957e-36,3.36307378438e-14,-3.02337833572e-35,9.63516466526e-19,9.63516466526e-19,0.0,
93,35.1948644042,-97.4385163588,-9.01648201276e-37,1.73795766838e-16,-1.22751429164e-51,3.09128136119e-36,-7.96431162615e-15,2.37449245194e-35,-2.24485952743e-19,-2.24485952743e-19,0.0,
94,35.1948611698,-97.4386851593,-2.56826800488e-35,7.4124959477e-17,-1.11987806393e-51,1.28775760857e-35,-4.33136884394e-13,1.28561678678e-38,-1.21163808403e-17,-1.21163808403e-17,0.0,
95,35.1948649532,-97.438740836,9.36248478532e-36,1.87935961765e-16,-1.24378045086e-51,-1.12859139185e-35,6.56633468307e-14,5.73342289942e-35,1.8207571477e-18,1.8207571477e-18,0.0,
96,35.1948600336,-97.4387297404,-2.30906624476e-35,4.18071630332e-17,-1.05897429569e-51,2.0182388193e-35,-2.49590224611e-13,-3.6228539462e-34,-6.84193774627e-18,-6.84193774627e-18,0.0,
97,35.194860053,-97.4386665744,-1.67892426919e-35,3.95304419312e-17,-1.05896079373e-51,1.38565337002e-35,3.07869066901e-13,-4.41883240276e-34,8.32389012132e-18,8.32389012132e-18,0.0,
98,35.1948681451,-97.4386494525,1.39809515879e-37,2.8477326517e-16,-1.33487224118e-51,3.34196752184e-36,2.09158130544e-13,1.00765555133e-33,5.63036330967e-18,5.63036330967e-18,0.0,
99,35.1948631604,-97.4385904424,2.55595108365e-35,1.30975058267e-16,-1.15332830402e-51,-2.01612555994e-35,-1.22867379442e-13,1.72836982604e-34,-3.2771079767e-18,-3.2771079767e-18,0.0,
100,35.1948710979,-97.4387137406,2.45153423862e-35,3.81174719244e-16,-1.47576770551e-51,-3.71013617172e-35,1.70027014679e-13,5.16904206595e-34,4.52064801629e-18,4.52064801629e-18,0.0,
101,35.1948722624,-97.4386663115,-2.48636481176e-35,4.18615782837e-16,-1.46982016559e-51,1.79812428167e-35,-1.77111645923e-13,-2.91862437552e-34,-4.67596901751e-18,-4.67596901751e-18,0.0,
102,35.1948766713,-97.4387027183,-1.14049516754e-35,5.60956072256e-16,-1.67462604301e-51,8.42822948033e-36,1.28810461573e-13,7.02020777238e-35,3.32731501974e-18,3.32731501974e-18,0.0,
103,35.1948511684,-97.4388203794,-5.71936211606e-35,-2.53108177785e-16,-5.54735677289e-52,5.03351656279e-35,-2.50549205716e-13,4.96155110066e-38,-6.38436037124e-18,-6.38436037124e-18,0.0,
104,35.1948406229,-97.4387886611,2.42859794852e-35,-5.90747522425e-16,-1.7056739916e-52,-1.28991757848e-35,-2.90702017248e-13,9.34599728513e-34,-7.48350681621e-18,-7.48350681621e-18,0.0,
105,35.1948368886,-97.4384024846,5.56407601305e-36,-7.11028065676e-16,-3.9567854148e-53,-6.87762656127e-36,-6.34194574837e-14,1.17982658915e-34,-1.59700101039e-18,-1.59700101039e-18,0.0,
106,35.194856786,-97.4386103745,2.26293598344e-36,-5.73770783682e-17,-7.49111543459e-52,2.78622273335e-36,-3.91516432401e-14,1.55135522531e-34,-9.71208024307e-19,-9.71208024307e-19,0.0,
107,35.1948610193,-97.4386540017,-1.44763096818e-35,8.27810946382e-17,-8.68892348527e-52,1.82206150646e-36,-2.79745674144e-13,-5.1084446132e-34,-6.91981930332e-18,-6.91981930332e-18,0.0,
108,35.1948427387,-97.4386649822,9.16422152914e-36,-5.24451412962e-16,-3.11112039799e-52,-9.11947371817e-36,-2.50384940544e-13,7.15274375564e-34,-6.09530475761e-18,-6.09530475761e-18,0.0,
109,35.1948829325,-97.43864321,8.42588431361e-36,8.25082196948e-16,-1.33374817781e-51,-1.303973913e-35,2.98518433075e-13,-2.28669963787e-34,7.33224241585e-18,7.33224241585e-18,0.0,
110,35.1948448435,-97.4386897344,1.76436198504e-35,-4.63156650308e-16,-3.91692551573e-52,1.73767740147e-36,-4.09296266515e-13,5.21815233438e-34,-9.77930940046e-18,-9.77930940046e-18,0.0,
111,35.1948580328,-97.4387271977,3.93247486285e-35,-8.9393732072e-18,-7.55682650417e-52,-3.5956343108e-35,-2.3266630131e-13,5.29553298095e-34,-5.55155219275e-18,-5.55155219275e-18,0.0,
112,35.1948455265,-97.4387142009,-4.9180334865e-36,-4.38279023474e-16,-4.54297086712e-52,5.32776188076e-37,2.95642990601e-13,3.666605244e-34,7.06338917398e-18,7.06338917398e-18,0.0,
113,35.194846557,-97.4387172616,-6.61528867151e-36,-4.04369791525e-16,-4.78134288565e-52,1.04304034552e-35,-1.72168353612e-13,4.24580983328e-35,-4.06837757156e-18,-4.06837757156e-18,0.0,
114,35.1948458957,-97.4385716437,1.16659024268e-35,-4.21815205194e-16,-4.79147147979e-52,1.55960479985e-36,-1.90389921344e-13,2.77016967704e-34,-4.50651113711e-18,-4.50651113711e-18,0.0,
115,35.1948497792,-97.4386318861,3.65638618929e-36,-2.85471233976e-16,-5.59412395344e-52,3.03617609969e-36,-2.12507158975e-13,-2.07493293995e-34,-4.88383152457e-18,-4.88383152457e-18,0.0,
116,35.1948416943,-97.4385911496,-1.33363106323e-35,-5.72366945324e-16,-3.71685844443e-52,1.24994194885e-35,-3.08196683403e-13,5.30423191759e-39,-6.99560716343e-18,-6.99560716343e-18,0.0,
117,35.1948429343,-97.4386932149,1.24903548236e-35,-5.32533703559e-16,-4.05725137274e-52,-8.27044632594e-36,-4.5777582942e-13,5.45632987204e-34,-1.04852270085e-17,-1.04852270085e-17,0.0,
118,35.1948450823,-97.4386203971,7.27700908071e-36,-4.59787816022e-16,-4.76959895497e-52,-1.74592208719e-35,-3.99393776338e-13,3.79483455073e-34,-8.95228696308e-18,-8.95228696308e-18,0.0,
119,35.1948567417,-97.4386383793,-9.34344234773e-36,-3.03178891212e-17,-7.23507808369e-52,-6.05309806709e-36,2.88884174553e-13,1.35894079392e-34,6.45106957787e-18,6.45106957787e-18,0.0,
120,35.1948553648,-97.4386904571,-4.06808704797e-35,-8.24422210096e-17,-7.10862565334e-52,5.10751450702e-35,3.73513223007e-13,-6.99811233609e-34,8.2619592312e-18,8.2619592312e-18,0.0,
121,35.1948742329,-97.438734607,-1.47833230233e-35,6.15549139345e-16,-1.14413289781e-51,1.39974439421e-35,-7.32462519369e-14,-1.35828016043e-34,-1.60470767166e-18,-1.60470767166e-18,0.0,
122,35.1948646593,-97.4388831017,-2.07604022943e-36,2.57301398602e-16,-9.35704922816e-52,3.5411272246e-36,3.22649413571e-14,4.43394561225e-35,7.05898840931e-19,7.05898840931e-19,0.0,
123,35.1948555803,-97.4385467105,2.73000353111e-35,-8.34690071893e-17,-8.21295843027e-52,-1.09953471313e-35,-1.11801600943e-13,1.28102541943e-34,-2.39826193295e-18,-2.39826193295e-18,0.0,
124,35.1948535375,-97.4386954338,-1.44404215882e-35,-1.51010642327e-16,-7.94004122767e-52,2.90517466283e-35,3.56624814763e-13,-2.41838563039e-34,7.73379935649e-18,7.73379935649e-18,0.0,
125,35.1948659204,-97.4387154402,3.78234367301e-36,3.22330305763e-16,-9.45857898488e-52,-1.94152920865e-36,3.06147118797e-14,-2.98239431633e-39,6.49297913553e-19,6.49297913553e-19,0.0,
126,35.1948539026,-97.4387864972,-4.57306339873e-36,-1.39475894448e-16,-8.40267308417e-52,7.10810662406e-36,-1.16425184897e-13,-1.03198264002e-34,-2.48592178057e-18,-2.48592178057e-18,0.0,
127,35.1948827827,-97.4386491613,2.08035643563e-35,9.83410302802e-16,-1.04292524694e-51,-2.29316572823e-35,3.68362971017e-13,8.12206246761e-34,7.80156157462e-18,7.80156157462e-18,0.0,
128,35.1948561043,-97.4388002012,-4.20859638098e-37,-6.04424756046e-17,-8.2040732236e-52,-1.63935365549e-36,1.33740917579e-13,1.75305234902e-34,2.80763556801e-18,2.80763556801e-18,0.0,
129,35.1948595696,-97.4386232697,3.98558866966e-36,7.37247733321e-17,-8.29219099653e-52,-4.26124050475e-36,1.27019300955e-13,-2.22244460722e-34,2.61147558351e-18,2.61147558351e-18,0.0,
130,35.1948530133,-97.4386631087,5.16372861419e-36,-1.96022223027e-16,-8.52163853526e-52,-1.54491288733e-36,1.00288696261e-13,2.16617268122e-35,2.06507960901e-18,2.06507960901e-18,0.0,
131,35.1948425081,-97.4387212676,1.68092033253e-35,-6.1575214712e-16,-8.31205184283e-52,-1.36159315954e-35,-6.12108020822e-13,-9.18930706418e-34,-1.24338708018e-17,-1.24338708018e-17,0.0,
132,35.1948498894,-97.4386935157,3.68458310493e-35,-3.15912736047e-16,-9.62722496254e-52,-5.69492566267e-35,1.16237981317e-12,1.97803297398e-33,2.3749537984e-17,2.3749537984e-17,0.0,
133,35.1948645698,-97.4387515364,1.56953996814e-35,2.69237804602e-16,-1.01253469815e-51,-2.42547312427e-35,-5.19556696395e-13,7.727141522e-34,-1.03906262623e-17,-1.03906262623e-17,0.0,
134,35.1948512979,-97.4385729852,1.52243676145e-35,-2.79145477905e-16,-7.48065389871e-52,-1.15463357738e-35,-1.02611110137e-13,2.14853271371e-35,-2.04084507255e-18,-2.04084507255e-18,0.0,
135,35.1948511726,-97.4386273985,-6.9763502352e-36,-2.82082454818e-16,-7.52551351345e-52,1.51844589708e-35,8.51135820049e-13,-3.55982133267e-34,1.67593664272e-17,1.67593664272e-17,0.0,
136,35.1948499726,-97.4387562271,8.52058404883e-36,-3.31248454508e-16,-7.12572284719e-52,-1.23327329258e-35,-1.44218195467e-13,-4.16261670297e-34,-2.85098323593e-18,-2.85098323593e-18,0.0,
137,35.1948683526,-97.4386962737,-1.32074612562e-35,4.42453514928e-16,-1.1147761803e-51,1.3599161465e-35,5.37400990793e-13,-6.64804805847e-34,1.04036596771e-17,1.04036596771e-17,0.0,
138,35.1948552652,-97.4385986758,-7.32171386217e-36,-1.12592170382e-16,-8.37369854105e-52,1.95921131513e-35,-9.95206591264e-14,-2.04189588768e-35,-1.91434686742e-18,-1.91434686742e-18,0.0,
139,35.1948483219,-97.4387448568,-1.00368734439e-35,-4.07747414908e-16,-7.07879717697e-52,3.02279294509e-35,-5.63582753998e-13,-9.15516860338e-34,-1.0771628168e-17,-1.0771628168e-17,0.0,
140,35.1948490828,-97.4387889852,-1.02671048399e-35,-3.76531570612e-16,-6.73202158157e-52,-5.57880902514e-36,6.74112508584e-13,9.49792952935e-34,1.29606517432e-17,1.29606517432e-17,0.0,
141,35.1948458321,-97.4387859013,1.36256839963e-36,-5.15821789724e-16,-6.28710400986e-52,-7.17397891946e-37,-5.1284420775e-14,-9.26578402162e-35,-9.63103925436e-19,-9.63103925436e-19,0.0,
142,35.1948558516,-97.4385439059,-6.12132546093e-36,-8.53297565695e-17,-7.84194532877e-52,6.78657684817e-36,-6.93874437224e-14,-6.88384944714e-35,-1.30370498217e-18,-1.30370498217e-18,0.0,
143,35.1948372076,-97.4387661619,-7.42569338591e-36,-8.92889422687e-16,-5.31908505173e-52,-1.64672779482e-35,-2.25959636702e-13,8.92366671615e-35,-4.2423846698e-18,-4.2423846698e-18,0.0,
144,35.1948416772,-97.4386813998,3.82539801071e-36,-6.94584328417e-16,-6.06980738409e-52,3.24146536868e-37,8.12403336104e-14,3.19744607904e-35,1.50051357895e-18,1.50051357895e-18,0.0,
145,35.1948590687,-97.4386842545,7.79431947954e-36,6.57086483656e-17,-8.59067133411e-52,-5.4599996027e-36,-5.64804606445e-13,5.45034301214e-34,-1.05521292098e-17,-1.05521292098e-17,0.0,
146,35.1948370862,-97.4386011754,-4.57870519149e-36,-9.11006115677e-16,-3.37152252535e-52,3.84042497812e-36,1.62205830238e-14,1.88429521362e-35,2.97280817577e-19,2.97280817577e-19,0.0,
147,35.1948545479,-97.4386832307,1.56899474456e-35,-1.33708847581e-16,-7.45521632555e-52,-8.2248790067e-36,5.63133416298e-13,-4.33417606644e-34,1.0218525747e-17,1.0218525747e-17,0.0,
148,35.1948531407,-97.4386913508,-2.02569405201e-35,-2.06798059595e-16,-6.86871472538e-52,2.00892545858e-35,2.78663147242e-13,-8.47879440832e-34,5.09354682784e-18,5.09354682784e-18,0.0,
149,35.1948727283,-97.4388371294,-9.34031820796e-38,6.79447306087e-16,-1.228745707e-51,-1.29599914508e-36,-2.31533200378e-13,6.596397006e-34,-4.14540473767e-18,-4.14540473767e-18,0.0,
150,35.1948463722,-97.4385738148,6.44650783779e-36,-5.2486309594e-16,-6.17079386376e-52,-2.70319408779e-36,-8.8349625344e-14,9.97703811689e-35,-1.58470026174e-18,-1.58470026174e-18,0.0,
151,35.1948588865,-97.4386139155,-6.85573257323e-36,4.85294364128e-17,-9.06844323368e-52,2.79636269485e-36,1.61722449334e-13,1.20950025497e-34,2.86738496989e-18,2.86738496989e-18,0.0,
152,35.194868637,-97.4387176601,1.78830342144e-35,5.00059117241e-16,-1.08329799485e-51,-8.25697999207e-36,-1.87325508473e-13,1.39461080669e-34,-3.28830942015e-18,-3.28830942015e-18,0.0,
153,35.1948503096,-97.4387131996,-1.01484848653e-35,-3.55366494344e-16,-5.89743665737e-52,7.60086008168e-36,-4.26846084165e-13,-1.58102813515e-34,-7.43582828356e-18,-7.43582828356e-18,0.0,
154,35.1948653365,-97.4388627167,1.77836215596e-35,3.54221944745e-16,-9.73037893513e-52,-1.4741635941e-35,-1.9046961825e-13,-7.36406479646e-34,-3.2952222602e-18,-3.2952222602e-18,0.0,
155,35.1948560236,-97.4388717228,1.81003779973e-36,-8.29648013073e-17,-7.21770091049e-52,9.38208811435e-36,7.25611742457e-13,-3.95547043548e-34,1.2647537805e-17,1.2647537805e-17,0.0,
156,35.1948434519,-97.4387897167,1.97460352058e-36,-6.76257433787e-16,-4.26120601982e-52,-1.47817907958e-36,5.49260957926e-15,9.95318930425e-37,9.39572532641e-20,9.39572532641e-20,0.0,
157,35.194860024,-97.4386812715,7.83851333549e-36,1.1659056551e-16,-8.14478308996e-52,-6.98846977775e-36,2.37555143521e-13,2.148186258e-34,4.03704509756e-18,4.03704509756e-18,0.0,
158,35.1948628725,-97.4386088825,1.01504817696e-36,2.54169211932e-16,-8.76560649008e-52,-4.00141163618e-36,-1.37384627224e-13,-7.42806419674e-35,-2.31355149529e-18,-2.31355149529e-18,0.0,
159,35.1948714635,-97.4388439571,1.87509097335e-36,6.69293680373e-16,-1.09527779089e-51,8.02949925989e-36,2.32124000753e-13,1.24228168732e-34,3.90486721308e-18,3.90486721308e-18,0.0,
160,35.1948775815,-97.4386177329,2.85041974886e-35,9.60009428911e-16,-1.24759750331e-51,-2.50265924472e-35,4.42703530167e-13,7.07124649537e-34,7.50704997012e-18,7.50704997012e-18,0.0,
161,35.1948630883,-97.4385448499,1.35252898985e-35,2.47803932496e-16,-8.31912650518e-52,-1.62922130688e-35,-1.76872581889e-13,3.11011583548e-35,-2.94619129188e-18,-2.94619129188e-18,0.0,
162,35.1948580996,-97.4386592255,8.20913438029e-36,-2.55574182577e-18,-6.73599985229e-52,-1.97662558433e-35,-3.81468323277e-13,1.34396428556e-34,-6.05195301927e-18,-6.05195301927e-18,0.0,
163,35.1948675184,-97.4388619808,-9.72738615819e-36,4.64130512545e-16,-9.98158495993e-52,1.81856144531e-35,-2.10260103631e-13,-4.72536443493e-34,-3.50142998555e-18,-3.50142998555e-18,0.0,
164,35.1948706367,-97.4386818188,3.73961950655e-36,6.19006814321e-16,-1.09949697328e-51,-7.22931408422e-36,-3.43151888488e-13,2.37866116482e-34,-5.58591889205e-18,-5.58591889205e-18,0.0,
165,35.1948798676,-97.4385939947,2.64197176657e-35,1.09263131607e-15,-1.41708416589e-51,-5.03784837692e-36,4.99622338403e-13,6.03218851369e-34,8.05754300902e-18,8.05754300902e-18,0.0,
166,35.1948713438,-97.43856945,2.82288675471e-36,6.62097016297e-16,-1.08296499895e-51,-1.83468285708e-35,-2.48211711198e-13,2.53809676659e-34,-4.01797409642e-18,-4.01797409642e-18,0.0,
167,35.1948618314,-97.4384360309,-1.53125136791e-35,1.84264606534e-16,-7.47961173174e-52,1.35778755447e-35,1.99338882489e-13,-2.01956837471e-34,3.23054910377e-18,3.23054910377e-18,0.0,
168,35.194868354,-97.4387574172,-4.3270489524e-36,5.13670047403e-16,-1.01714401015e-51,4.49242305325e-36,1.15215152456e-13,1.16960727007e-34,1.83016928721e-18,1.83016928721e-18,0.0,
169,35.1948564483,-97.4387416532,2.70072413594e-36,-9.19928820932e-17,-5.12945697236e-52,-7.77259130193e-37,2.97143080526e-15,-1.48623806758e-36,4.7796716539e-20,4.7796716539e-20,0.0,
170,35.194843661,-97.4385059745,3.74144547322e-36,-7.48365198053e-16,-3.40319490243e-53,-3.84072236114e-36,-1.45559874397e-13,9.70407986498e-35,-2.29748569115e-18,-2.29748569115e-18,0.0,
171,35.1948420253,-97.4387356696,-1.77926662128e-35,-8.28242176371e-16,-2.40227051259e-53,1.18366671904e-35,1.77911956812e-13,-1.78038706264e-34,2.77063059491e-18,2.77063059491e-18,0.0,
172,35.1948446775,-97.4387300181,-4.45018528474e-36,-6.91708616453e-16,-1.41279833602e-52,-2.57488950692e-36,-2.7596001244e-13,1.83216592606e-34,-4.26742100939e-18,-4.26742100939e-18,0.0,
173,35.1948711401,-97.4386872674,-5.17290556603e-35,6.88955402183e-16,-1.30863820036e-51,4.43490599008e-35,6.09989967996e-13,-4.02387256232e-34,9.42166772802e-18,9.42166772802e-18,0.0,
174,35.1948553396,-97.4386369559,1.28878092716e-36,-1.40242788852e-16,-6.40352890343e-52,-3.48032481647e-38,1.7714795407e-13,-2.00852977955e-34,2.77582277142e-18,2.77582277142e-18,0.0,
175,35.1948630182,-97.4387484755,-2.24079640269e-36,2.65872222812e-16,-9.39062954092e-52,-8.46744658532e-36,-4.74939992833e-13,-6.19095648704e-34,-7.25628082173e-18,-7.25628082173e-18,0.0,
176,35.1948261611,-97.438892795,1.59839792491e-35,-1.70018347088e-15,5.702763285e-52,-4.94119221995e-36,-4.37938823619e-13,-2.82561211842e-34,-6.7064469061e-18,-6.7064469061e-18,0.0,
177,35.1948546394,-97.438885352,-1.47514173481e-37,-1.70340659758e-16,-6.232659223e-52,2.54247626152e-36,-3.45593932887e-13,2.1930368628e-34,-5.38167878298e-18,-5.38167878298e-18,0.0,
178,35.1948539026,-97.4386173961,1.15720392937e-35,-2.04246468823e-16,-5.98961267331e-52,-1.2351534374e-35,-4.11858915719e-13,1.05136963759e-33,-6.21951564133e-18,-6.21951564133e-18,0.0,
179,35.194850561,-97.438541569,5.8424375723,-0.000594638371013,-6.18082517092e-07,0.00186939291314,-0.015273493588,0.0144540089969,-0.126659217117,-0.095268989392,-2.62390787008,
180,35.1948591241,-97.4387046655,6.25047200877,-0.0125260909049,-0.000188860651221,0.0275141799142,-0.10375286106,0.0517766487104,-0.786773188346,-0.748793614969,-10.7521767586,
181,35.1948511287,-97.4389124387,6.24775691412,-0.0404872384962,-0.00117082436094,0.0353670623833,-0.14589004658,-0.0209928808961,-1.03966850043,-1.11591518317,-2.65858669571,
182,35.1948600433,-97.4386154101,6.27280836888,-0.0726971467765,-0.00195128688462,0.0103764748798,-0.154552280881,-0.0368210763031,-1.0924849053,-1.19198262847,-0.396112800914,
183,35.1948590629,-97.4386228162,0.453029652141,-0.105756735726,-0.00193033330996,-0.014150764611,-0.155544010512,-0.0387130514144,-1.09886698969,-1.2000836053,-0.0780005882835,
184,35.1948792257,-97.438738853,0.0463783325449,-0.138908999514,-0.00101687835587,-0.0411786055751,-0.15579318401,-0.0388639898476,-1.09984515933,-1.20271433686,-0.0143901560251,
185,35.1948538375,-97.4389344112,0.0631186121318,-0.172160125779,0.000689889219263,-0.0630565857093,-0.155832451771,-0.0389326059961,-1.10007930719,-1.20307330828,-0.00376484460116,
186,35.1948372978,-97.4388524031,0.0926230592847,-0.205207960932,0.00326855250306,-0.0926217485121,-0.155842708759,-0.0389552473062,-1.10014380601,-1.20316218189,-0.000632939536133,
187,35.1948470999,-97.4386871984,0.119020018138,-0.238245892872,0.00673700416645,-0.119019150876,-0.155844466637,-0.0389596831986,-1.10015442644,-1.20317748833,-0.000123540403597,
188,35.1948379797,-97.4385266553,0.147687436186,-0.271150561805,0.0111470545702,-0.147687091334,-0.155844849979,-0.0389590677744,-1.10015562603,-1.20318186687,-2.06800485325e-05,
189,35.1948343323,-97.438674819,0.170920015246,-0.303987982339,0.0164180972593,-0.17092039476,-0.15584490083,-0.0389584260759,-1.10015475346,-1.20318346566,-4.44020924343e-06,
190,35.1948347814,-97.4384612006,0.199994206738,-0.336668864611,0.0225734574028,-0.199995473483,-0.155844900829,-0.0389612601012,-1.10016019768,-1.20317802144,-1.36870493724e-06,
191,35.1948497563,-97.4385298861,0.224232163462,-0.369166901946,0.0294984285099,-0.224234156849,-0.15584490083,-0.0389587491318,-1.10015530102,-1.2031829181,-1.33231689616e-06,
192,35.1948095677,-97.4386741092,0.252092495103,-0.40144336673,0.037335898286,-0.252095358754,-0.155844900828,-0.038960332389,-1.1001583837,-1.20317983541,-1.33188580788e-06,
193,35.1948251938,-97.438612458,0.278906859725,-0.433542830716,0.0460716715272,-0.2789104632,-0.155844900827,-0.038960716824,-1.10015911666,-1.20317910246,-1.33188070078e-06,
194,35.1948382725,-97.4385774643,0.306159463562,-0.465413719226,0.0556906778542,-0.306163569567,-0.155844900829,-0.0389615646783,-1.10016079438,-1.20317742474,-1.33188064028e-06,
195,35.1948245329,-97.4387330604,0.329974296208,-0.49696067389,0.0660736311574,-0.329978439531,-0.155844900829,-0.0389535527176,-1.10015445353,-1.20318376559,-1.33188063956e-06,
196,35.1948109972,-97.4384820151,0.35829415544,-0.528332206229,0.0773279929389,-0.358298299388,-0.155844900829,-0.0389555519907,-1.10015829646,-1.20317992265,-1.33188063955e-06,
197,35.1948254215,-97.4386544844,0.381392923445,-0.559254217694,0.0892281383824,-0.381397426875,-0.155844900832,-0.0389569437194,-1.10015173692,-1.2031864822,-1.33188063955e-06,
198,35.1948094275,-97.4387984369,0.40765465925,-0.589926675787,0.1020239085,-0.407659615352,-0.155844900828,-0.0389596563303,-1.10015711025,-1.20318110886,-1.33188063955e-06,
199,35.1948121646,-97.4386532628,0.43430172937,-0.620345949045,0.115586653208,-0.43430724556,-0.15584490083,-0.0389568144078,-1.10015151851,-1.20318670061,-1.33188063955e-06,
200,35.1948299115,-97.4385756722,0.460516736292,-0.65032593678,0.130009166101,-0.460522555718,-0.155844900828,-0.0389624721889,-1.10016256399,-1.20317565513,-1.33188063955e-06,
201,35.1948204872,-97.4385748209,0.490818050361,-0.679816515395,0.145209727937,-0.490824581168,-0.15584490083,-0.038960829729,-1.10015935275,-1.20317886636,-1.33188063955e-06,
202,35.1948051056,-97.4385093256,0.518413577447,-0.708881473392,0.161242388327,-0.518420427488,-0.155844900829,-0.0389591839961,-1.10015612988,-1.20318208923,-1.33188063955e-06,
203,35.1948012427,-97.438528676,0.540898679292,-0.737671272205,0.178039590534,-0.540905616608,-0.155844900827,-0.0389576116973,-1.10015306299,-1.20318515613,-1.33188063955e-06,
204,35.1948142222,-97.4385806034,0.567678983044,-0.765488268232,0.195352343267,-0.567685908603,-0.149986133508,-0.0062250337703,-1.09341564595,-1.12142891732,1.24976467256,
205,35.1947957779,-97.4385220756,0.544796651155,-0.790911006585,0.211368080418,-0.544803416877,-0.130587745073,0.118080703961,-1.067899669,-0.860325076529,1.69728322744,
206,35.1948009029,-97.4386847607,0.475274664328,-0.814418309254,0.224603578966,-0.475281362191,-0.123535840629,0.16512990875,-1.05489755335,-0.77027623978,0.669299724894,
207,35.1947855857,-97.4387049233,0.357695896551,-0.838280446412,0.235167415095,-0.357702454264,-0.121735341696,0.176480470582,-1.05168936998,-0.747727481944,0.0756257926197,
208,35.1948028513,-97.438481972,0.23762501128,-0.863031460006,0.24276875913,-0.237631500125,-0.121523329766,0.177631066123,-1.05126951353,-0.745117279356,0.0109867177377,
209,35.1948051599,-97.4384375045,0.13884269813,-0.889008316326,0.247745201704,-0.138849243682,-0.135219266102,0.113319748738,-1.06752331287,-0.928185922635,-1.48697845016,
210,35.1947941752,-97.4384665968,0.0811041186405,-0.918529962193,0.250866822236,-0.0811104362311,-0.143999447771,0.0497244402033,-1.07826216566,-1.04532365758,-0.571332645632,
211,35.1947944033,-97.4384555335,0.0566813980817,-0.949109997651,0.253011167544,-0.0566876104487,-0.145821421797,0.0373388142063,-1.0802297089,-1.06958744937,-0.13389631571,
212,35.1948081223,-97.438679862,0.0365788383019,-0.97987752687,0.254460381121,-0.0365850392316,-0.146197601571,0.0349223181952,-1.08058848536,-1.07459059155,-0.0266288662691,
213,35.1947867416,-97.438517221,0.0194881620238,-1.01067765433,0.255324470303,-0.0194945559588,-0.146261664897,0.0344603035956,-1.08066670734,-1.07544550515,-0.00591164134489,
214,35.1947675365,-97.4385301979,3.6949341627,-1.04143678792,0.255612269856,0.000619558725814,-0.146278316306,0.0357987382054,-1.07785105941,-1.07849999975,-0.00110055034909,
215,35.1947726875,-97.4384405676,6.23398613555,-1.07242601336,0.255284836532,0.0185372437109,-0.146281224648,0.0343490676294,-1.08065144498,-1.07574202818,-0.000214637558025,
216,35.1947754843,-97.4385873909,6.24260584046,-1.10322899217,0.254350032116,0.0402098996953,-0.146281936983,0.0343238962188,-1.08068445758,-1.07571955743,-3.03680063134e-05,
217,35.1947567931,-97.4385123838,6.22720029026,-1.13397641083,0.252840705463,0.055974322803,-0.146282034994,0.0343269119951,-1.08067881414,-1.07572659475,-4.24591684965e-06,
218,35.1947724444,-97.4383520946,6.2078644337,-1.16475766892,0.250826971499,0.0753144309211,-0.146282059327,0.0343255890993,-1.08068145502,-1.07572431304,-2.63594608561e-06,
219,35.1947712766,-97.4384861819,6.18899740491,-1.19554503151,0.24824367645,0.0941815100836,-0.146282059327,0.0343236560864,-1.08068529593,-1.07572047214,-2.72961528689e-06,
220,35.1947645384,-97.4384236091,6.16859177089,-1.22616379132,0.245034112128,0.114587144693,-0.146282059328,0.0343235861256,-1.08068537585,-1.07572039222,-2.73072498377e-06,
221,35.1947697546,-97.4385321411,6.15076814103,-1.25685869727,0.241226346829,0.132410774561,-0.146282059328,0.0343246756694,-1.08068323967,-1.07572252839,-2.73073813032e-06,
222,35.1947648701,-97.4385456453,6.1318450669,-1.2873724104,0.236916659132,0.151333848695,-0.146282059326,0.034322833452,-1.08068690776,-1.07571886031,-2.73073828607e-06,
223,35.1947485825,-97.4384872932,6.11154925312,-1.31781806593,0.231950829519,0.17162966247,-0.14558745419,0.0384491829245,-1.07971354195,-1.06639174826,0.0592550576629,
224,35.1947756002,-97.4384845163,6.09407341942,-1.34793939541,0.226477281744,0.189105496173,-0.145381292119,0.039897428032,-1.07944062996,-1.06366695466,0.0194639838987,
225,35.1947606307,-97.4384700999,6.06981560726,-1.37814482301,0.220296953572,0.213363308336,-0.145322541566,0.0403353701607,-1.07935035485,-1.06289241322,0.00344083401279,
226,35.1947674979,-97.4384419565,6.04882783932,-1.40791502972,0.213511171073,0.234351076277,-0.145310726634,0.0404186919996,-1.0793371181,-1.06273254574,0.000752776095665,
227,35.1947579604,-97.4386052402,6.0241003966,-1.43760715517,0.2060349867,0.259078518996,-0.145308342642,0.0404330830281,-1.07933861369,-1.06269580839,0.000132755263078,
228,35.1947618563,-97.4385312171,6.00222454798,-1.46706449466,0.197845449788,0.280954367613,-0.145308071201,0.0404370466718,-1.0793299677,-1.06270037678,2.13327209846e-05,
229,35.1947449693,-97.4385331805,5.97954921888,-1.49644783949,0.189005652234,0.303629696713,-0.145307980498,0.0404319355014,-1.07933966547,-1.06268933408,3.7530521925e-06,
230,35.1947539318,-97.4384942558,5.95717834568,-1.52555906805,0.17953542535,0.32600056991,-0.1453079805,0.0404442770337,-1.0793342199,-1.06269477966,4.72290928916e-07,
231,35.194731183,-97.4386262711,5.93397298154,-1.55446235187,0.169423877111,0.349205934051,-0.145307980495,0.0404449817162,-1.07933281553,-1.06269618402,4.33423825467e-07,
232,35.1947476045,-97.4387251603,5.90975335287,-1.58311989926,0.15861488337,0.373425562725,-0.145307980497,0.0404442796883,-1.0793341879,-1.06269481165,4.32963367784e-07,
233,35.1947518817,-97.4385823814,5.88714150554,-1.61160286285,0.147082205224,0.39603741005,-0.145307980497,0.0404442450085,-1.07933428425,-1.0626947153,4.32957912752e-07,
234,35.1947389042,-97.438663532,5.8682818142,-1.63981252307,0.135036216678,0.414897101395,-0.145307980503,0.0404425416892,-1.07933772883,-1.06269127072,4.32957848126e-07,
235,35.1947302391,-97.4385552195,5.8423142201,-1.66767837748,0.122309808915,0.440864695497,-0.145307980499,0.0404337718167,-1.07933618339,-1.06269281616,4.32957847361e-07,
236,35.1947230512,-97.4384309852,5.81943773911,-1.69520173046,0.108938076478,0.463741176487,-0.145307980498,0.0404341672985,-1.07933531021,-1.06269368934,4.32957847352e-07,
237,35.1947225636,-97.4385347387,5.7990869454,-1.72252425514,0.0949605100855,0.484091970191,-0.145307980495,0.0404415671771,-1.0793396201,-1.06268937945,4.32957847352e-07,
238,35.1946937824,-97.4385723037,5.7758840407,-1.74936990697,0.0804135285929,0.507294874891,-0.145307980497,0.0404474926398,-1.07932790932,-1.06270109023,4.32957847352e-07,
239,35.1947088631,-97.4387223055,5.75580622325,-1.77611765282,0.0652497790026,0.527372692342,-0.145307980496,0.0404371555973,-1.07932950304,-1.06269949651,4.32957847352e-07,
240,35.1947106805,-97.4387408083,5.71590141553,-1.80167153814,0.0498609282761,0.567277500067,-0.132429677532,0.110259115442,-1.06387349845,-0.89029394909,0.816961531765,
241,35.1947104996,-97.4386101201,5.6343619651,-1.82400103283,0.0344687171515,0.64881695049,-0.124428454957,0.158743722857,-1.05369218526,-0.783603724006,0.679509611849,
242,35.1947171129,-97.438575237,5.53510254584,-1.84394895318,0.0177647937886,0.748076369753,-0.121002217624,0.181832444697,-1.04951188865,-0.7383551343,0.221330200124,
243,35.1947229394,-97.4386756582,5.44512229136,-1.86351195076,-0.00227333297676,0.838056624236,-0.145837933221,0.0443054825746,-1.08364217805,-1.07021206819,-1.9976437012,
244,35.1947179102,-97.4386629657,5.4373325891,-1.88479273702,-0.0263391087363,0.845846326497,-0.155079239161,-0.0234529202408,-1.09474820983,-1.19385082146,-0.531441768313,
245,35.1947069289,-97.4387531265,5.45566331846,-1.90688460882,-0.0508490221116,0.827515597136,-0.156379454472,-0.0334320584784,-1.09646199562,-1.2112620255,-0.110603529838,
246,35.1947137358,-97.4387042995,5.48054535788,-1.92960097034,-0.0749400626613,0.802633557711,-0.156761791855,-0.0364485810532,-1.09699064627,-1.21638710108,-0.0223695317439,
247,35.1947333642,-97.4387886918,5.50811704241,-1.95294038494,-0.0985570482511,0.775061873178,-0.156858944443,-0.0370557652068,-1.09706589027,-1.21769015608,-0.00440455845669,
248,35.1947276438,-97.4387858508,5.53442481291,-1.97708478632,-0.12153613286,0.748754102682,-0.157145970499,-0.0364245819601,-1.10084227092,-1.21810167971,-0.0769942585178,
249,35.1947173437,-97.4386434441,5.55893909411,-2.00178786804,-0.143928753504,0.724239821485,-0.157742639922,-0.0321304556778,-1.1086960203,-1.21896939634,-0.0347689302551,
250,35.1947069151,-97.4389420872,5.58049914858,-2.0270496809,-0.165823564318,0.702679767014,-0.157845978378,-0.0314929188327,-1.11005438174,-1.21908443942,-0.00786220696789,
251,35.1946881643,-97.438859647,5.60015317497,-2.0526451396,-0.187160926974,0.683025740626,-0.157237487422,-0.0354059369199,-1.10184695662,-1.2181009222,0.0428160324055,
252,35.1947038111,-97.4386903667,5.63254252753,-2.0787922353,-0.207762194266,0.650636388062,-0.156979646962,-0.037043120845,-1.09844717043,-1.21782452827,0.0094397392733,
253,35.1947190119,-97.4387976778,5.65833808636,-2.10546544824,-0.227597359502,0.624840829233,-0.156953981899,-0.0372226867725,-1.09811307171,-1.2177880142,0.00191974984356,
254,35.1946996225,-97.438930103,5.68228111964,-2.1325657874,-0.246695642072,0.600897795958,-0.15694869646,-0.0372633408992,-1.0980375483,-1.2177843119,0.000427945392034,
255,35.1947036639,-97.4388731403,5.71220112007,-2.16034758887,-0.265051883398,0.570977795526,-0.156947514717,-0.0372656372956,-1.09802843103,-1.21777621852,6.813299872e-05,
256,35.1947029508,-97.4388354769,5.73677662567,-2.18854917376,-0.282699534947,0.546402289926,-0.156947280277,-0.0372601821518,-1.09801501669,-1.21778620891,1.63939781077e-05,
257,35.1946906996,-97.4388299267,5.76426407927,-2.21713228783,-0.299533155977,0.518914836323,-0.156947246375,-0.0372643153031,-1.09802276162,-1.21777797983,5.79192215734e-06,
258,35.1946927528,-97.4388827396,5.78936750319,-2.2462328971,-0.315748968288,0.493811412405,-0.156947246368,-0.0372626458343,-1.09801940898,-1.21778133247,5.10613435256e-06,
259,35.194688686,-97.4387061803,5.81470248219,-2.27564182289,-0.331146411094,0.4684764334,-0.156947246373,-0.037261468527,-1.09801717082,-1.21778357063,5.09800984017e-06,
260,35.1946946586,-97.4388667376,5.84041047729,-2.30548774242,-0.345829494454,0.442768438302,-0.156947246372,-0.0372605386229,-1.09801535531,-1.21778538614,5.09791358926e-06,
261,35.1946915883,-97.4388738905,5.86956198272,-2.33563405158,-0.359592127617,0.413616932877,-0.156947246374,-0.0372636866615,-1.09802155226,-1.2177791892,5.09791244897e-06,
262,35.1946829548,-97.4388247083,5.8947840909,-2.36621411134,-0.372642202429,0.388394824694,-0.156947246374,-0.0372592334448,-1.09801286069,-1.21778788076,5.09791243547e-06,
263,35.1946809325,-97.4389750081,5.92292456953,-2.39713777577,-0.384811593944,0.360254346061,-0.156947246368,-0.0372640978379,-1.09802234347,-1.21777839799,5.09791243531e-06,
264,35.1946744809,-97.4388959143,5.94701082811,-2.42843247207,-0.396206419712,0.336168087481,-0.156947246373,-0.037261388207,-1.09801705122,-1.21778369023,5.0979124353e-06,
265,35.1946668772,-97.4391497204,5.97647689515,-2.45993543381,-0.406675898306,0.306702020438,-0.156947246366,-0.0372747867825,-1.09802457386,-1.2177761676,5.0979124353e-06,
266,35.1946886779,-97.4388540614,5.99929007328,-2.4916873061,-0.416323329918,0.283888842309,-0.156947246376,-0.0372636398827,-1.09802143668,-1.21777930478,5.0979124353e-06,
267,35.194675589,-97.4388761561,6.02971657034,-2.52378833342,-0.425128888519,0.253462345254,-0.156947246373,-0.0372620970434,-1.09801842717,-1.21778231428,5.0979124353e-06,
268,35.1946737174,-97.4388334183,6.05431400301,-2.55611258671,-0.433110171452,0.228864912584,-0.156947246373,-0.0372659234756,-1.09802586317,-1.21777487829,5.0979124353e-06,
269,35.1946710093,-97.4388299352,6.08137032273,-2.5884430323,-0.440256835732,0.201808592864,-0.156947246371,-0.0372736843676,-1.09802243189,-1.21777830956,5.0979124353e-06,
270,35.1946792461,-97.4389702281,6.1071201539,-2.62117223165,-0.446589856508,0.176058761689,-0.156947246369,-0.0372598369312,-1.09801405815,-1.2177866833,5.0979124353e-06,
271,35.1946872928,-97.4389539941,6.13527634054,-2.65402466791,-0.451971891991,0.147902575053,-0.156947246374,-0.037261796333,-1.09801782243,-1.21778291902,5.0979124353e-06,
272,35.1946718371,-97.4389343374,6.16148582186,-2.68685708616,-0.456463750685,0.121693093735,-0.156947246373,-0.0372644529398,-1.09802303672,-1.21777770473,5.0979124353e-06,
273,35.1946489652,-97.4389042894,6.18334973279,-2.71988219086,-0.460174019453,0.0998291828046,-0.156947246373,-0.0372652089773,-1.09802450588,-1.21777623557,5.0979124353e-06,
274,35.1946531958,-97.4389277933,6.20286355684,-2.73989448752,-0.461958691465,0.0803153587484,-0.0349057764896,-0.00649261591013,-0.242398927675,-0.297775457174,9.54805794021,
275,35.1946625317,-97.438935022,6.20730794006,-2.74352109733,-0.462240998013,0.0758709755375,-0.000829069744695,0.00257145080366,0.0062184847623,-0.036294966723,1.77370160226,
276,35.1946736634,-97.4389515242,6.20791449288,-2.74440856492,-0.462308225178,0.0752644227138,0.00283646782553,0.00351130943397,0.0326887120902,-0.00842973350144,0.537366869188,
277,35.1946680867,-97.4388219505,6.20812488434,-2.74460803221,-0.462323247491,0.0750540312516,0.00492127649439,0.00398493205247,0.0474176370288,0.00710853080965,0.098942145503,
278,35.1946593075,-97.4388686739,6.20816745011,-2.74464579598,-0.462326076812,0.0750114654848,0.00522887577064,0.00404204810621,0.0495576225478,0.0093708760567,0.0145176450116,
279,35.1946547089,-97.4390390124,6.21334664845,-2.74071967866,-0.46204253386,0.0698322671433,0.0816166057147,-0.0148941816557,0.648083985357,0.556703819061,9.48009963493,
280,35.1946779773,-97.4388936447,6.2214700276,-2.71329029529,-0.460272206244,0.0617088879933,0.149430736517,0.00250183591134,1.1355310257,1.07084310298,3.75013136812,
281,35.1946715955,-97.4389546447,6.22300701075,-2.68038025179,-0.458266363674,0.0601719048443,0.161207140749,0.00526912455756,1.21870506075,1.15872409625,0.791538353562,
282,35.1946574915,-97.4388550575,6.22329941426,-2.64620048458,-0.456210088045,0.059879501331,0.163041144311,0.00577232028135,1.23209688481,1.17282864985,0.207626396062,
283,35.1946582593,-97.4388299319,6.22338823932,-2.61164645697,-0.454138129223,0.059790676271,0.163627799679,0.0059275426391,1.23631513775,1.17727693125,0.0312679938742,
284,35.1946780954,-97.4389528532,6.22339802769,-2.57714643217,-0.452070587799,0.0597808879018,0.16377313183,0.00596130052918,1.23732667209,1.17834681455,0.00613200242335,
285,35.194663607,-97.4389132524,6.2233972438,-2.5425818222,-0.449999436553,0.0597816717971,0.163788902845,0.00596061223346,1.23743538994,1.17846271922,0.00101613409167,
286,35.1946619328,-97.4390395209,6.22340014127,-2.50794040234,-0.447923675085,0.0597787743279,0.163792098569,0.00596045910785,1.23745847814,1.17848737901,0.000197863963535,
287,35.1946786384,-97.4390098763,6.2234027787,-2.4733327127,-0.445849945286,0.0597761368969,0.163792621359,0.00596043677051,1.23746222569,1.17849134101,4.41069610156e-05,
288,35.1946750955,-97.4389510462,6.22340394071,-2.438818522,-0.443781815879,0.0597749748819,0.163792736396,0.00596043634096,1.237463076,1.17849219481,9.06248874281e-06,
289,35.1946655832,-97.4389581201,6.22340435129,-2.40425722293,-0.441710869028,0.0597745643028,0.16379274525,0.00596043686803,1.2374631434,1.17849226111,3.25715963874e-06,
290,35.1946984008,-97.439040633,6.2233979202,-2.36975415154,-0.439643453769,0.0597809953894,0.16379274525,0.00596044349041,1.23746315746,1.17849224705,3.15212116502e-06,
291,35.1946987244,-97.4390229375,6.22340099295,-2.33515864567,-0.43757042465,0.0597779226447,0.16379274525,0.00596044035969,1.23746315111,1.17849225341,3.15087677663e-06,
292,35.1946770007,-97.4389944077,6.22340235895,-2.30066031321,-0.435503248541,0.0597765566412,0.163792745248,0.00596044079691,1.23746315048,1.17849225403,3.15086203439e-06,
293,35.1946886228,-97.4387719611,6.22339949541,-2.26608923946,-0.433431734566,0.0597794201827,0.163792745249,0.00596044282288,1.237463157,1.17849224751,3.15086185974e-06,
294,35.1947051905,-97.4388490583,6.22340042605,-2.23153680119,-0.431361318812,0.0597784895421,0.16379274525,0.00596044066335,1.23746315395,1.17849225056,3.15086185767e-06,
295,35.1946963432,-97.4388378031,6.22340024063,-2.19692942615,-0.429287616469,0.0597786749661,0.163792745249,0.00596044075833,1.23746315377,1.17849225074,3.15086185765e-06,
296,35.1947137354,-97.4388786283,6.22339955604,-2.16223511673,-0.427208746913,0.0597793595504,0.16379274525,0.00596044415886,1.2374631557,1.17849224881,3.15086185765e-06,
297,35.194691271,-97.4391265326,6.22339980012,-2.12774974168,-0.42514233255,0.0597791154685,0.16379274525,0.0059604406554,1.23746315283,1.17849225168,3.15086185765e-06,
298,35.1947009448,-97.4390020032,6.22340114901,-2.09310485043,-0.423066381229,0.0597777665789,0.163792745248,0.00596043779815,1.23746314642,1.17849225809,3.15086185765e-06,
299,35.1947111357,-97.43901988,6.22340478643,-2.05851981936,-0.420993998787,0.0597741291661,0.163792745249,0.00596043463503,1.23746313999,1.17849226452,3.15086185765e-06,
300,35.1947227351,-97.4388224943,6.22340342939,-2.02401897267,-0.418926667241,0.0597754862051,0.16379274525,0.00596043923554,1.23746314912,1.17849225539,3.15086185765e-06,
301,35.1947017084,-97.4388275268,6.22339980361,-1.98946164541,-0.416855989479,0.0597791119801,0.163792745249,0.00596043890513,1.23746314972,1.1784922548,3.15086185765e-06,
302,35.1947092255,-97.4389076869,6.22340282142,-1.95488096413,-0.414783870489,0.0597760941707,0.163792745251,0.00596043712112,1.23746314674,1.17849225777,3.15086185765e-06,
303,35.1947222092,-97.4389017745,6.22340086802,-1.92029375685,-0.412711390067,0.0597780475697,0.16379274525,0.00596043815654,1.23746314707,1.17849225744,3.15086185765e-06,
304,35.1947103913,-97.4389739351,6.22340111189,-1.88575023168,-0.410641523054,0.0597778037033,0.163792745249,0.00596044112059,1.23746315206,1.17849225246,3.15086185765e-06,
305,35.1947220935,-97.4389864431,6.22340352137,-1.85116908882,-0.40856937989,0.0597753942219,0.163792745248,0.00596043912631,1.2374631484,1.17849225611,3.15086185765e-06,
306,35.1947066022,-97.4389286873,6.22340378213,-1.81659119165,-0.406497440181,0.0597751334677,0.163792745248,0.00596043755938,1.23746314422,1.17849226029,3.15086185765e-06,
307,35.1947343906,-97.4388965128,6.22340003519,-1.78202236693,-0.404426064165,0.0597788804061,0.16379274525,0.00596043802964,1.23746314784,1.17849225668,3.15086185765e-06,
308,35.1947186767,-97.438923515,6.22340756497,-1.7472648737,-0.402343337169,0.0597713506183,0.163792745248,0.00596042980781,1.23746312886,1.17849227565,3.15086185765e-06,
309,35.1947301811,-97.4388940409,6.22339894774,-1.71298753538,-0.400289443979,0.0597799678524,0.163792745251,0.00596044289176,1.23746315742,1.1784922471,3.15086185765e-06,
310,35.194744062,-97.4388931619,6.22340216979,-1.6784345185,-0.398218970339,0.0597767458037,0.163792745247,0.00596044009075,1.23746315138,1.17849225314,3.15086185765e-06,
311,35.1947430481,-97.4387393526,6.22339855511,-1.64379740138,-0.396143508961,0.0597803604836,0.163792745249,0.00596044054435,1.23746315383,1.17849225068,3.15086185765e-06,
312,35.1947594615,-97.4390011326,6.22340074867,-1.60914489273,-0.394067096626,0.0597781669183,0.16379274525,0.00596043768474,1.237463147,1.17849225751,3.15086185765e-06,
313,35.1947569457,-97.4389302017,6.22339877734,-1.57471827253,-0.392004234571,0.0597801382544,0.163792745249,0.0059604432414,1.23746315693,1.17849224758,3.15086185765e-06,
314,35.1947448495,-97.4387684244,6.22339839445,-1.54008230075,-0.389928825757,0.0597805211419,0.163792745249,0.00596044048232,1.23746315299,1.17849225152,3.15086185765e-06,
315,35.1947475222,-97.4390855214,6.22340323793,-1.50547395703,-0.387855040324,0.0597756776589,0.163792745248,0.00596043568636,1.23746314263,1.17849226189,3.15086185765e-06,
316,35.1947571437,-97.4388479371,6.22340085208,-1.4709535894,-0.385786560781,0.0597780635146,0.163792745249,0.00596043958445,1.23746315163,1.17849225289,3.15086185765e-06,
317,35.1947506107,-97.4388220915,6.22339999882,-1.43635689329,-0.383713507516,0.0597789167711,0.163792745249,0.00596044062606,1.23746315326,1.17849225126,3.15086185765e-06,
318,35.1947521434,-97.4387621719,6.22340431074,-1.40183240472,-0.381644725545,0.0597746048509,0.163792745248,0.0059604416318,1.23746315113,1.17849225338,3.15086185765e-06,
319,35.1947487015,-97.4388342942,6.22340337959,-1.36721547935,-0.379570468873,0.0597755360037,0.163792745249,0.00596043641272,1.23746314272,1.1784922618,3.15086185765e-06,
320,35.1947642549,-97.4390677244,6.2234014811,-1.33272120871,-0.377503540407,0.0597774344897,0.163792745248,0.00596044022632,1.2374631523,1.17849225221,3.15086185765e-06,
321,35.1947662271,-97.4391388456,6.22340340914,-1.29809205469,-0.375428466184,0.0597755064524,0.163792745249,0.00596044066792,1.23746314837,1.17849225614,3.15086185765e-06,
322,35.1947703385,-97.4389595082,6.22340372119,-1.26353067165,-0.373357516725,0.0597751944011,0.163792745251,0.00596043576971,1.23746314265,1.17849226186,3.15086185765e-06,
323,35.1947732008,-97.4389979635,6.22340381926,-1.22899082915,-0.371287860596,0.0597750963295,0.16379274525,0.00596043705021,1.23746314372,1.1784922608,3.15086185765e-06,
324,35.194769492,-97.4388056446,6.22340117322,-1.19449362264,-0.369220764583,0.0597777423736,0.163792745247,0.00596043848806,1.23746314935,1.17849225517,3.15086185765e-06,
325,35.1947710476,-97.4388933611,6.22339880233,-1.15994884185,-0.36715082684,0.05978011326,0.163792745249,0.00596044218958,1.23746315601,1.1784922485,3.15086185765e-06,
326,35.1947625218,-97.4388919435,6.22340186579,-1.12532672009,-0.365076224283,0.0597770497988,0.163792745247,0.00596043765054,1.23746314792,1.17849225659,3.15086185765e-06,
327,35.1947734466,-97.4388543532,6.22340180479,-1.09073803074,-0.363003646266,0.0597771108016,0.163792745249,0.00596043977482,1.23746315019,1.17849225433,3.15086185765e-06,
328,35.1947723522,-97.4388077597,6.22339927143,-1.05615853605,-0.360931639822,0.0597796441671,0.163792745249,0.00596044322094,1.23746315458,1.17849224993,3.15086185765e-06,
329,35.1947954305,-97.4390203086,6.22340074693,-1.02169404688,-0.358866481479,0.0597781686622,0.16379274525,0.00596043961743,1.23746315187,1.17849225264,3.15086185765e-06,
330,35.1947791392,-97.438888443,6.22339832663,-0.987115748514,-0.356794545339,0.059780588964,0.16379274525,0.00596044256717,1.23746315646,1.17849224806,3.15086185765e-06,
331,35.1948024608,-97.4388436787,6.22340138193,-0.952501342206,-0.354720403544,0.0597775336596,0.163792745251,0.00596043907407,1.23746315001,1.1784922545,3.15086185765e-06,
332,35.1947984076,-97.4387459203,6.21754982988,-0.918452851781,-0.35264076715,0.0656290857179,0.153631877004,0.0512910589226,1.10116948514,1.16825265935,-1.09328476649,
333,35.1948158412,-97.4392203449,6.17728383106,-0.886966007174,-0.35012920108,0.105895084534,0.141035623506,0.135059521659,0.932213510218,1.14877176409,-1.53539070786,
334,35.1947695758,-97.4387843647,6.06101552656,-0.858257848778,-0.345379425322,0.222163389035,0.140643848622,0.163706641609,0.930313422535,1.14722477382,1.47689791332,
335,35.1947991902,-97.4389041016,5.99709988975,-0.826858487358,-0.336909303858,0.286079025839,0.159770500729,0.0397510460782,1.18401848447,1.17136169502,1.03585969465,
336,35.1947815599,-97.4387612987,5.98442770221,-0.794183902326,-0.327025606104,0.298751213383,0.163724955627,0.0136494408772,1.23619526124,1.17602054229,0.226192430094,
337,35.1947972754,-97.4387496912,5.9818700497,-0.761168624539,-0.316802950101,0.301308865894,0.164402546951,0.00864550351162,1.24516468906,1.17699613926,0.0540671001882,
338,35.1948007978,-97.438776074,5.98123689883,-0.728108948522,-0.30651251984,0.301942016761,0.164571910505,0.00737932158979,1.24740602183,1.17724293262,0.0113311450758,
339,35.1948214441,-97.4387343868,5.98106156075,-0.695114519846,-0.29622948514,0.302117354842,0.164368392073,0.00779938965095,1.24461481847,1.17705854905,-0.0582909123055,
340,35.1948323347,-97.4387616494,5.95546485627,-0.6635998827,-0.286207574688,0.327714059327,0.144046120846,0.111752173798,0.97370521572,1.15609079777,-1.20498195486,
341,35.194818007,-97.4389111497,5.87887144817,-0.63525002941,-0.275456811704,0.404307467421,0.13868083297,0.144407166297,0.902611311512,1.14992454947,-0.468072392151,
342,35.1948268473,-97.4388369086,5.79421852302,-0.608066037116,-0.262339167764,0.48896039257,0.145176689345,0.117127060785,0.990266734251,1.15691018309,0.804275097301,
343,35.194822231,-97.4390286074,5.73858607368,-0.580070364932,-0.246247492865,0.544592841911,0.154925094642,0.0566948268742,1.11976853413,1.16884616626,0.551912294929,
344,35.1948510527,-97.4388416007,5.71349311923,-0.55184894772,-0.228611152156,0.569685796368,0.156594468937,0.0436783375413,1.14189434451,1.17147537398,0.147921588127,
345,35.194811764,-97.4387636775,5.6884930419,-0.523989865474,-0.210241708875,0.594685873694,0.157030555512,0.0404272696438,1.14766327604,1.17211291974,0.028869255141,
346,35.1948210636,-97.4388101584,5.66188108085,-0.496562632623,-0.191081770358,0.621297834742,0.157099423816,0.0399081567049,1.14858407455,1.17220900527,0.00430102007987,
347,35.1948215898,-97.4386858159,5.64223647015,-0.469527781278,-0.171405369298,0.640942445447,0.157112158752,0.0398005640974,1.14874628032,1.17223768645,0.00108050349321,
348,35.1948368263,-97.4388576535,5.62337754898,-0.44277301975,-0.150947662128,0.659801366609,0.161401679993,0.018853356129,1.20606173599,1.17662926083,0.425187896912,
349,35.1948520225,-97.4387638063,5.617996088,-0.415610683519,-0.129736480015,0.665182827591,0.163033646905,0.00808106373867,1.2275948659,1.17855166122,0.0988309636876,
350,35.1948340266,-97.4388749926,5.61678081402,-0.388367883161,-0.108326269495,0.66639810157,0.163340427697,0.00584940331567,1.23165430742,1.17898218642,0.0167821258013,
351,35.1948263162,-97.4387273068,5.61658450661,-0.361146407907,-0.0869105344958,0.666594408978,0.16339158447,0.00547411687982,1.23233115475,1.1790546602,0.00354334357908,
352,35.1948280353,-97.4387394106,5.61680837168,-0.334000998631,-0.065551250203,0.666370543915,0.160294807411,-0.00100321461875,1.23050892697,1.13703937358,-0.423186964411,
353,35.1948434627,-97.4387257493,5.63791573151,-0.30842218572,-0.0457586099854,0.645263184085,0.146821833484,-0.0839062441365,1.21170337073,0.956547306127,-1.61259389678,
354,35.1948407353,-97.4387184626,5.75275656827,-0.284957145011,-0.0295549466923,0.530422347324,0.122884710888,-0.238241134044,1.17888872326,0.637219825597,-1.19679538549,
355,35.1948468046,-97.438634016,5.91751147808,-0.261761954511,-0.0182819274391,0.365667437512,0.119745619813,-0.261100262612,1.17448017911,0.595693176588,-0.239305246457,
356,35.1948308211,-97.4386727159,6.09832618285,-0.237234565019,-0.0113982768165,0.184852732745,0.119205870946,-0.265725888029,1.17353427141,0.588569272908,-0.0427144918143,
357,35.1948547467,-97.4386323225,6.26100036793,-0.211983357974,-0.00877829913783,0.0221785476596,0.119071510061,-0.266522065571,1.17330849689,0.58682028564,-0.0091103511021,
358,35.1948607362,-97.4385617676,0.31544301079,-0.184631817315,-0.0102395502027,-0.134704894176,0.149957427617,-0.117588671789,1.20516502542,1.00010706753,3.15229353222,
359,35.1948295315,-97.4386772282,0.193378472127,-0.152385416596,-0.0157689837072,-0.191243738784,0.162056643871,-0.0206744093269,1.22519733226,1.16044647944,0.894316970235,
360,35.1948471627,-97.4387098851,0.196938438542,-0.120813905443,-0.022057290243,-0.196919654662,0.0956870022385,0.0432490261044,0.692132133844,0.741089533633,-10.3075243133,
361,35.1948254156,-97.4388684103,0.183803305425,-0.108399163167,-0.0244487933273,-0.183809703693,0.0154212734745,0.0133925191511,0.136345908826,0.13376268369,-6.64611551843,
362,35.1948463734,-97.4386850623,0.179567224803,-0.105028006253,-0.025070231162,-0.179574158953,-0.011030723612,0.00419262955133,-0.0444665379478,-0.0642141425866,-1.48423156432,
363,35.1948662159,-97.43877478,0.17862521987,-0.104485943367,-0.0251685392556,-0.178632246171,-0.0147295083568,0.00283674592327,-0.0700131141409,-0.0921425373056,-0.306763167442,
364,35.1948521558,-97.4386694425,0.178436882592,-0.10433772774,-0.0251953498271,-0.178443638871,-0.0157822047093,0.00237746760273,-0.0775546301359,-0.100341016907,-0.0695991109327,
365,35.1948591121,-97.438640898,0.17839058067,-0.104372537583,-0.0251891094348,-0.178396997205,-0.0158951629813,0.00233523928249,-0.0783361965582,-0.101195204717,-0.0108272986226,
366,35.1948380541,-97.4386739851,0.178383281459,-0.104367080751,-0.0251901192033,-0.178389854805,-0.0159415200211,0.00231842174173,-0.0786558892636,-0.101544777201,-0.00189570128159,
367,35.1948482078,-97.4387911118,0.17838094045,-0.10434210403,-0.0251946465114,-0.178387603238,-0.015946975666,0.00231378894893,-0.0786944753817,-0.101586368351,-0.000384478867716,
368,35.1948456996,-97.4387458906,0.178383404699,-0.104388569764,-0.0251862930295,-0.178390280727,-0.0159482291331,0.00231387373212,-0.0787034342945,-0.101596223488,-9.06529136931e-05,
369,35.1948583247,-97.4385716469,0.178383181204,-0.104386676456,-0.0251866594694,-0.178390088405,-0.0159484178665,0.00231388199077,-0.0787047997081,-0.101597708793,-1.54193525559e-05,
370,35.1948632721,-97.4385755874,0.178382188495,-0.104376506789,-0.0251885165884,-0.178389096064,-0.015948469189,0.00231388923961,-0.0787051547453,-0.101598113898,-3.38056069155e-06,
371,35.194871355,-97.4387172144,0.178383521599,-0.104418336377,-0.0251809995641,-0.178390429173,-0.0159484771711,0.00231388794394,-0.0787052153469,-0.101598171364,-6.56559976304e-07,
372,35.1948529658,-97.4386873887,0.178381201431,-0.104422120949,-0.0251803414725,-0.178388109005,-0.0159484791694,0.00231389029863,-0.0787052227483,-0.101598193481,-1.09003403594e-07,
373,35.1948322266,-97.438618628,0.178380601453,-0.104403999984,-0.0251836326151,-0.178387509027,-0.0159484795225,0.0023138904682,-0.0787052255215,-0.10159819577,-2.48691527954e-08,
374,35.1948532069,-97.4385799036,0.17838193315,-0.10438525007,-0.0251870369159,-0.178388840724,-0.0159484796326,0.00231389029829,-0.0787052274715,-0.101598195359,-4.91511468031e-09,
375,35.1948555785,-97.4386180566,0.178381103974,-0.104386161868,-0.0251868964303,-0.178388011548,-0.0159484796471,0.00231388957752,-0.0787052274736,-0.101598195585,-1.07525078257e-09,
376,35.1948713609,-97.4387422339,0.178381239816,-0.104382421775,-0.0251875948277,-0.17838814739,-0.0159484796504,0.00231389019043,-0.0787052264236,-0.101598196671,-1.59548921699e-10,
377,35.1948495674,-97.4387103969,0.178379545788,-0.104382890652,-0.0251875342932,-0.178386453362,-0.0159484796509,0.0023138911668,-0.0787052239869,-0.101598199115,-3.73007255901e-11,
378,35.194865809,-97.438656228,0.178381651003,-0.104380171655,-0.0251880486218,-0.178388558577,-0.0159484796484,0.00231388931469,-0.078705227831,-0.101598195272,-6.9483594823e-12,
379,35.194871146,-97.4386981461,0.178381049964,-0.104383364979,-0.0251874970436,-0.178387957538,-0.0159484796509,0.0023138902623,-0.0787052264063,-0.101598196697,-1.51535344841e-12,
380,35.1948399227,-97.4386589694,0.178382689713,-0.104382161454,-0.0251877382907,-0.178389597287,-0.0159484796499,0.00231388922502,-0.0787052295957,-0.101598193508,-2.82960785082e-13,
381,35.1948545823,-97.4386672873,0.178382717259,-0.104419131073,-0.0251810971405,-0.178389624833,-0.0159484796501,0.00231388890843,-0.0787052295625,-0.101598193541,-4.75317739208e-14,
382,35.1948610993,-97.4388187185,0.178381331778,-0.104420669955,-0.0251808440249,-0.178388239352,-0.0159484796492,0.00231389089445,-0.078705225429,-0.101598197674,-1.08917405297e-14,
383,35.1948728241,-97.4386965839,0.178381106668,-0.104410516121,-0.0251826988031,-0.178388014242,-0.0159484796514,0.00231389081928,-0.0787052253831,-0.10159819772,-2.03344126721e-15,
384,35.1948551282,-97.4387746364,0.178383008267,-0.104404759087,-0.0251837608221,-0.178389915841,-0.0159484796513,0.0023138880831,-0.0787052312571,-0.101598191846,-4.54406942122e-16,
385,35.194857485,-97.4385651751,0.178380262573,-0.104339365671,-0.0251955738682,-0.178387170147,-0.0159484796478,0.00231389225747,-0.0787052235406,-0.101598199563,-9.27071498339e-17,
386,35.1948358912,-97.4384704782,0.178381409621,-0.10434793295,-0.0251940529627,-0.178388317195,-0.0159484796507,0.00231389032106,-0.0787052261385,-0.101598196965,-1.97715465482e-17,
387,35.1948288474,-97.438733683,0.178382335726,-0.104346001613,-0.0251944255385,-0.1783892433,-0.0159484796544,0.00231388901384,-0.0787052297608,-0.101598193342,-2.80085057859e-18,
388,35.1948448248,-97.4386042578,0.178382481281,-0.104345910429,-0.0251944660726,-0.178389388855,-0.0159484796531,0.00231388867653,-0.0787052300328,-0.10159819307,-5.45617560317e-19,
389,35.1948265496,-97.4388700766,0.178380804185,-0.104327007477,-0.025197898001,-0.178387711759,-0.015948479652,0.00231389002634,-0.0787052262523,-0.101598196851,-1.32154014416e-19,
390,35.1948614399,-97.4387124484,0.178382172328,-0.104331341034,-0.0251971407337,-0.178389079902,-0.0159484796515,0.00231388863701,-0.0787052295033,-0.1015981936,-2.28525041159e-20,
391,35.1948620209,-97.4386342006,0.178383541624,-0.104351672947,-0.0251934992486,-0.178390449198,-0.0159484796548,0.00231388931345,-0.0787052299924,-0.101598193111,-5.11968537937e-21,
392,35.1948591179,-97.4386797863,0.178382696015,-0.104360158352,-0.0251919938776,-0.178389603589,-0.0159484796513,0.00231388847202,-0.0787052304621,-0.101598192641,-7.92823825804e-22,
