0.186913, 0.000000
0.186913, 0.000000
0.186913, 0.000000
0.186913, 0.000000
0.186913, 0.000000
0.186913, 0.000000
0.186913, 0.000000
0.186913, 0.000000
0.186913, 0.000000
0.186913, 0.000000
0.186913, 0.000000
0.186913, 0.000000
0.186913, 0.000000
0.186913, 0.000000
0.186913, 0.000000
0.186913, 0.000000
0.186913, 0.000000
0.186913, 0.000000
0.186913, 0.000000
0.186913, 0.000000
0.186913, 0.000000
0.186913, 0.000000
0.186913, 0.000000
0.186913, 0.000000
0.186913, 0.000000
0.186913, 0.000000
0.186913, 0.000000
0.186913, 0.000000
0.186913, 0.000000
0.186913, 0.000000
0.186913, 0.000000
0.186913, 0.000000
0.186913, 0.000000
0.186913, 0.000000
0.186913, 0.000000
0.186913, 0.000000
0.186913, 0.000000
0.186913, 0.000000
0.186913, 0.000000
0.186913, 0.000000
0.186913, 0.000000
0.186913, 0.000000
0.186913, 0.000000
0.186913, 0.000000
0.186913, 0.000000
0.186913, 0.000000
0.186913, 0.000000
0.186913, 0.000000
0.186913, 0.000000
0.186913, 0.000000
0.186913, 0.000000
0.186913, 0.000000
0.186913, 0.000000
0.186913, 0.000000
0.186913, 0.000000
0.186913, 0.000000
0.186913, 0.000000
0.186913, 0.000000
0.186913, 0.000000
0.186913, 0.000000
0.186913, 0.000000
0.186913, 0.000000
0.186913, 0.000000
0.186913, 0.000000
0.186913, 0.000000
0.186913, 0.000000
0.186913, 0.000000
0.186913, 0.000000
0.186913, 0.000000
0.186913, 0.000000
0.186913, 0.000000
0.186913, 0.000000
0.186913, 0.000000
0.186913, 0.000000
0.186913, 0.000000
0.186913, 0.000000
0.186913, 0.000000
0.186913, 0.000000
0.186913, 0.000000
0.186913, 0.000000
0.186913, 0.000000
0.186913, 0.000000
0.186913, 0.000000
0.186913, 0.000000
0.186913, 0.000000
0.186913, 0.000000
0.186913, 0.000000
0.186913, 0.000000
0.186913, 0.000000
0.186913, 0.000000
0.186913, 0.000000
0.186913, 0.000000
0.186913, 0.000000
0.186913, 0.000000
0.186913, 0.000000
0.186913, 0.000000
0.186913, 0.000000
0.186913, 0.000000
0.186913, 0.000000
0.186913, 0.000000
0.186913, 0.000000
0.186913, 0.000000
0.186913, 0.000000
0.186913, 0.000000
0.186913, 0.000000
0.186913, 0.000000
0.186913, 0.000000
0.186913, 0.000000
0.186913, 0.000000
0.186913, 0.000000
0.186913, 0.000000
0.186913, 0.000000
0.186913, 0.000000
0.186913, 0.000000
0.186913, 0.000000
0.186913, 0.000000
0.186913, 0.000000
0.186913, 0.000000
0.186913, 0.000000
0.186913, 0.000000
0.186913, 0.000000
0.186913, 0.000000
0.186913, 0.000000
0.186913, 0.000000
0.186913, 0.000000
0.186913, 0.000000
0.186913, 0.000000
0.186913, 0.000000
0.186913, 0.000000
0.186913, 0.000000
0.186913, 0.000000
0.186913, 0.000000
0.186913, 0.000000
0.186913, 0.000000
0.186913, 0.000000
0.186913, 0.000000
0.186913, 0.000000
0.186913, 0.000000
0.186913, 0.000000
0.186913, 0.000000
0.186913, 0.000000
0.186913, 0.000000
0.186913, 0.000000
0.186913, 0.000000
0.186913, 0.000000
0.186913, 0.000000
0.186913, 0.000000
0.186913, 0.000000
0.186913, 0.000000
0.186913, 0.000000
0.186913, 0.000000
0.186913, 0.000000
0.186913, 0.000000
0.186913, 0.000000
0.186913, 0.000000
0.186913, 0.000000
0.186913, 0.000000
0.186913, 0.000000
0.186913, 0.000000
0.186913, 0.000000
0.186913, 0.000000
0.186913, 0.000000
0.186913, 0.000000
0.186913, 0.000000
0.186913, 0.000000
0.186913, 0.000000
0.186913, 0.000000
0.186913, 0.000000
0.186913, 0.000000
0.186913, 0.000000
0.186913, 0.000000
0.186913, 0.000000
0.186913, 0.000000
0.186913, 0.000000
0.186913, 0.000000
0.186913, 0.000000
0.186913, 0.000000
0.186913, 0.000000
0.186913, 0.000000
0.186913, 0.000000
0.186913, 0.000000
0.186913, 0.000000
0.186913, 0.000000
0.186913, 0.000000
0.186913, 0.000000
0.186913, 0.000000
0.186913, 0.000000
0.186913, 0.000000
0.186913, 0.000000
0.186913, 0.000000
0.186913, 0.000000
0.186913, 0.000000
0.186913, 0.000000
0.186913, 0.000000
0.186913, 0.000000
0.186913, 0.000000
0.186913, 0.000000
0.186913, 0.000000
0.186913, 0.000000
0.186913, 0.000000
0.186913, 0.000000
0.186913, 0.000000
0.186913, 0.000000
0.186913, 0.000000
0.186913, 0.000000
0.186913, 0.000000
0.186913, 0.000000
0.186913, 0.000000
0.186913, 0.000000
0.186913, 0.000000
0.186913, 0.000000
0.186913, 0.000000
0.186913, 0.000000
0.186913, 0.000000
0.186913, 0.000000
0.186913, 0.000000
0.186913, 0.000000
0.186913, 0.000000
0.186913, 0.000000
0.186913, 0.000000
0.186913, 0.000000
0.186913, 0.000000
0.186913, 0.000000
0.186913, 0.000000
0.186913, 0.000000
0.186913, 0.000000
0.186913, 0.000000
0.186913, 0.000000
0.186913, 0.000000
0.186913, 0.000000
0.186913, 0.000000
0.186913, 0.000000
0.186913, 0.000000
0.186913, 0.000000
0.186913, 0.000000
0.186913, 0.000000
0.186913, 0.000000
0.186913, 0.000000
0.186913, 0.000000
0.186913, 0.000000
0.186913, 0.000000
0.186913, 0.000000
0.186913, 0.000000
0.186913, 0.000000
0.186913, 0.000000
0.186913, 0.000000
0.186913, 0.000000
0.186913, 0.000000
0.186913, 0.000000
0.186913, 0.000000
0.186913, 0.000000
0.186913, 0.000000
0.186913, 0.000000
0.186913, 0.000000
0.186913, 0.000000
0.186913, 0.000000
0.186913, 0.000000
0.186913, 0.000000
0.186913, 0.000000
0.186913, 0.000000
0.186913, 0.000000
0.186913, 0.000000
0.186913, 0.000000
0.186913, 0.000000
0.186913, 0.000000
0.186913, 0.000000
0.186913, 0.000000
0.186913, 0.000000
0.186913, 0.000000
0.186913, 0.000000
0.186913, 0.000000
0.186913, 0.000000
0.186913, 0.000000
0.186913, 0.000000
0.186913, 0.000000
0.186913, 0.000000
0.186913, 0.000000
0.186913, 0.000000
0.186913, 0.000000
0.186913, 0.000000
0.186913, 0.000000
0.186913, 0.000000
0.186913, 0.000000
0.186913, 0.000000
0.186913, 0.000000
0.186913, 0.000000
0.186913, 0.000000
0.186913, 0.000000
0.186913, 0.000000
0.186913, 0.000000
0.186913, 0.000000
0.186913, 0.000000
0.186913, 0.000000
0.186913, 0.000000
0.186913, 0.000000
0.186913, 0.000000
0.186913, 0.000000
0.186913, 0.000000
0.186913, 0.000000
0.186913, 0.000000
0.186913, 0.000000
0.186913, 0.000000
0.186913, 0.000000
0.186913, 0.000000
0.186913, 0.000000
0.186913, 0.000000
0.186913, 0.000000
0.186913, 0.000000
0.186913, 0.000000
0.186913, 0.000000
0.186913, 0.000000
0.186913, 0.000000
0.186913, 0.000000
0.186913, 0.000000
0.186913, 0.000000
0.186913, 0.000000
0.186913, 0.000000
0.186913, 0.000000
0.186913, 0.000000
0.186913, 0.000000
0.186913, 0.000000
0.186913, 0.000000
0.186913, 0.000000
0.186913, 0.000000
0.186913, 0.000000
0.186913, 0.000000
0.186913, 0.000000
0.186913, 0.000000
0.186913, 0.000000
0.186913, 0.000000
0.186913, 0.000000
0.186913, 0.000000
0.186913, 0.000000
0.186913, 0.000000
0.186913, 0.000000
0.186913, 0.000000
0.186913, 0.000000
0.186913, 0.000000
0.186913, 0.000000
0.186913, 0.000000
0.186913, 0.000000
0.186913, 0.000000
0.186913, 0.000000
0.186913, 0.000000
0.186913, 0.000000
0.186913, 0.000000
0.186913, 0.000000
0.186913, 0.000000
0.186913, 0.000000
0.186913, 0.000000
0.186913, 0.000000
0.186913, 0.000000
0.186913, 0.000000
0.186913, 0.000000
0.186913, 0.000000
0.186913, 0.000000
0.186913, 0.000000
0.186913, 0.000000
0.186913, 0.000000
0.186913, 0.000000
0.186913, 0.000000
0.186913, 0.000000
0.186913, 0.000000
0.186913, 0.000000
0.186913, 0.000000
0.186913, 0.000000
0.186913, 0.000000
0.186913, 0.000000
0.186913, 0.000000
0.186913, 0.000000
0.186913, 0.000000
0.186913, 0.000000
0.186913, 0.000000
0.186913, 0.000000
0.186913, 0.000000
0.186913, 0.000000
0.186913, 0.000000
0.186913, 0.000000
0.186913, 0.000000
0.186913, 0.000000
0.186913, 0.000000
0.186913, 0.000000
0.186913, 0.000000
0.186913, 0.000000
0.186913, 0.000000
0.186913, 0.000000
0.186913, 0.000000
0.186913, 0.000000
0.186913, 0.000000
0.186913, 0.000000
0.186913, 0.000000
0.186913, 0.000000
0.186913, 0.000000
0.186913, 0.000000
0.186913, 0.000000
0.186913, 0.000000
0.186913, 0.000000
0.186913, 0.000000
0.186913, 0.000000
0.186913, 0.000000
0.186913, 0.000000
0.186913, 0.000000
0.186913, 0.000000
0.186913, 0.000000
0.186913, 0.000000
0.186913, 0.000000
0.186913, 0.000000
0.186913, 0.000000
0.186913, 0.000000
0.186913, 0.000000
0.186913, 0.000000
0.186913, 0.000000
0.186913, 0.000000
0.186913, 0.000000
0.186913, 0.000000
0.186913, 0.000000
0.186913, 0.000000
0.186913, 0.000000
0.186913, 0.000000
0.186913, 0.000000
0.186913, 0.000000
0.186913, 0.000000
0.186913, 0.000000
0.186913, 0.000000
0.186913, 0.000000
0.186913, 0.000000
0.186913, 0.000000
0.186913, 0.000000
0.186913, 0.000000
0.186913, 0.000000
0.186913, 0.000000
0.186913, 0.000000
0.186913, 0.000000
0.186913, 0.000000
0.186913, 0.000000
0.186913, 0.000000
0.186913, 0.000000
0.186913, 0.000000
0.186913, 0.000000
0.186913, 0.000000
0.186913, 0.000000
0.186913, 0.000000
0.186913, 0.000000
0.186913, 0.000000
0.186913, 0.000000
0.186913, 0.000000
0.186913, 0.000000
0.186913, 0.000000
0.186913, 0.000000
0.186913, 0.000000
0.186913, 0.000000
0.186913, 0.000000
0.186913, 0.000000
0.186913, 0.000000
0.186913, 0.000000
0.186913, 0.000000
0.186913, 0.000000
0.186913, 0.000000
0.186913, 0.000000
0.186913, 0.000000
0.186913, 0.000000
0.186913, 0.000000
0.186913, 0.000000
0.186913, 0.000000
0.186913, 0.000000
0.186913, 0.000000
0.186913, 0.000000
0.186913, 0.000000
0.186913, 0.000000
0.186913, 0.000000
0.186913, 0.000000
0.186913, 0.000000
0.186913, 0.000000
0.186913, 0.000000
0.186913, 0.000000
0.186913, 0.000000
0.186913, 0.000000
0.186913, 0.000000
0.186913, 0.000000
0.186913, 0.000000
0.186913, 0.000000
0.186913, 0.000000
0.186913, 0.000000
0.186913, 0.000000
0.186913, 0.000000
0.186913, 0.000000
0.186913, 0.000000
0.186913, 0.000000
0.186913, 0.000000
0.186913, 0.000000
0.186913, 0.000000
0.186913, 0.000000
0.186913, 0.000000
0.186913, 0.000000
0.186913, 0.000000
0.186913, 0.000000
0.186913, 0.000000
0.186913, 0.000000
0.186913, 0.000000
0.186913, 0.000000
0.186913, 0.000000
0.186913, 0.000000
0.186913, 0.000000
0.186913, 0.000000
0.186913, 0.000000
0.186913, 0.000000
0.186913, 0.000000
0.186913, 0.000000
0.186913, 0.000000
0.186913, 0.000000
0.186913, 0.000000
0.186913, 0.000000
0.186913, 0.000000
0.186913, 0.000000
0.186913, 0.000000
0.186913, 0.000000
0.186913, 0.000000
0.186913, 0.000000
0.186913, 0.000000
0.186913, 0.000000
0.186913, 0.000000
0.186913, 0.000000
0.186913, 0.000000
0.186913, 0.000000
0.186913, 0.000000
0.186913, 0.000000
0.186913, 0.000000
0.186913, 0.000000
0.186913, 0.000000
0.186913, 0.000000
0.186913, 0.000000
0.186913, 0.000000
0.186913, 0.000000
0.186913, 0.000000
0.186913, 0.000000
0.186913, 0.000000
0.186913, 0.000000
0.186913, 0.000000
0.186913, 0.000000
0.186913, 0.000000
0.186913, 0.000000
0.186913, 0.000000
0.186913, 0.000000
0.186913, 0.000000
0.186913, 0.000000
0.186913, 0.000000
0.186913, 0.000000
0.186913, 0.000000
0.186913, 0.000000
0.186913, 0.000000
0.186913, 0.000000
0.186913, 0.000000
0.186913, 0.000000
0.186913, 0.000000
0.186913, 0.000000
0.186913, 0.000000
0.186913, 0.000000
0.186913, 0.000000
0.186913, 0.000000
0.186913, 0.000000
0.186913, 0.000000
0.186913, 0.000000
0.186913, 0.000000
0.186913, 0.000000
0.186913, 0.000000
0.186913, 0.000000
0.186913, 0.000000
0.186913, 0.000000
0.186913, 0.000000
0.186913, 0.000000
0.186913, 0.000000
0.186913, 0.000000
0.186913, 0.000000
0.186913, 0.000000
0.186913, 0.000000
0.186913, 0.000000
0.186913, 0.000000
0.186913, 0.000000
0.186913, 0.000000
0.186913, 0.000000
0.186913, 0.000000
0.186913, 0.000000
0.186913, 0.000000
0.186913, 0.000000
0.186913, 0.000000
0.186913, 0.000000
0.186913, 0.000000
0.186913, 0.000000
0.186913, 0.000000
0.186913, 0.000000
0.186913, 0.000000
0.186913, 0.000000
0.186913, 0.000000
0.186913, 0.000000
0.186913, 0.000000
0.186913, 0.000000
0.186913, 0.000000
0.186913, 0.000000
0.186913, 0.000000
0.186913, 0.000000
0.186913, 0.000000
0.186913, 0.000000
0.186913, 0.000000
0.186913, 0.000000
0.186913, 0.000000
0.186913, 0.000000
0.186913, 0.000000
0.186913, 0.000000
0.186913, 0.000000
0.186913, 0.000000
0.186913, 0.000000
0.186913, 0.000000
0.186913, 0.000000
0.186913, 0.000000
0.186913, 0.000000
0.186913, 0.000000
0.186913, 0.000000
0.186913, 0.000000
0.186913, 0.000000
0.186913, 0.000000
0.186913, 0.000000
0.186913, 0.000000
0.186913, 0.000000
0.186913, 0.000000
0.186913, 0.000000
0.186913, 0.000000
0.186913, 0.000000
0.186913, 0.000000
0.186913, 0.000000
0.186913, 0.000000
0.186913, 0.000000
0.186913, 0.000000
0.186913, 0.000000
0.186913, 0.000000
0.186913, 0.000000
0.186913, 0.000000
0.186913, 0.000000
0.186913, 0.000000
0.186913, 0.000000
0.186913, 0.000000
0.186913, 0.000000
0.186913, 0.000000
0.186913, 0.000000
0.186913, 0.000000
0.186913, 0.000000
0.186913, 0.000000
0.186913, 0.000000
0.186913, 0.000000
0.186913, 0.000000
0.186913, 0.000000
0.186913, 0.000000
0.186913, 0.000000
0.186913, 0.000000
0.186913, 0.000000
0.186913, 0.000000
0.186913, 0.000000
0.186913, 0.000000
0.186913, 0.000000
0.186913, 0.000000
0.186913, 0.000000
0.186913, 0.000000
0.186913, 0.000000
0.186913, 0.000000
0.186913, 0.000000
0.186913, 0.000000
0.186913, 0.000000
0.186913, 0.000000
0.186913, 0.000000
0.186913, 0.000000
0.186913, 0.000000
0.186913, 0.000000
0.186913, 0.000000
0.186913, 0.000000
0.186913, 0.000000
0.186913, 0.000000
0.186913, 0.000000
0.186913, 0.000000
0.186913, 0.000000
0.186913, 0.000000
0.186913, 0.000000
0.186913, 0.000000
0.186913, 0.000000
0.186913, 0.000000
0.186913, 0.000000
0.186913, 0.000000
0.186913, 0.000000
0.186913, 0.000000
0.186913, 0.000000
0.186913, 0.000000
0.186913, 0.000000
0.186913, 0.000000
0.186913, 0.000000
0.186913, 0.000000
0.186913, 0.000000
0.186913, 0.000000
0.186913, 0.000000
0.186913, 0.000000
0.186913, 0.000000
0.186913, 0.000000
0.186913, 0.000000
0.186913, 0.000000
0.186913, 0.000000
0.186913, 0.000000
0.186913, 0.000000
0.186913, 0.000000
0.186913, 0.000000
0.186913, 0.000000
0.186913, 0.000000
0.186913, 0.000000
0.186913, 0.000000
0.186913, 0.000000
0.186913, 0.000000
0.186913, 0.000000
0.186913, 0.000000
0.186913, 0.000000
0.186913, 0.000000
0.186913, 0.000000
0.186913, 0.000000
0.186913, 0.000000
0.186913, 0.000000
0.186913, 0.000000
0.186913, 0.000000
0.186913, 0.000000
0.186913, 0.000000
0.186913, 0.000000
0.186913, 0.000000
0.186913, 0.000000
0.186913, 0.000000
0.186913, 0.000000
0.186913, 0.000000
0.186913, 0.000000
0.186913, 0.000000
0.186913, 0.000000
0.186913, 0.000000
0.186913, 0.000000
0.186913, 0.000000
0.186913, 0.000000
0.186913, 0.000000
0.186913, 0.000000
0.186913, 0.000000
0.186913, 0.000000
0.186913, 0.000000
0.186913, 0.000000
0.186913, 0.000000
0.186913, 0.000000
0.186913, 0.000000
0.186913, 0.000000
0.186913, 0.000000
0.186913, 0.000000
0.186913, 0.000000
0.186913, 0.000000
0.186913, 0.000000
0.186913, 0.000000
0.186913, 0.000000
0.186913, 0.000000
0.186913, 0.000000
0.186913, 0.000000
0.186913, 0.000000
0.186913, 0.000000
0.186913, 0.000000
0.186913, 0.000000
0.186913, 0.000000
0.186913, 0.000000
0.186913, 0.000000
0.186913, 0.000000
0.186913, 0.000000
0.186913, 0.000000
0.186913, 0.000000
0.186913, 0.000000
0.186913, 0.000000
0.186913, 0.000000
0.186913, 0.000000
0.186913, 0.000000
0.186913, 0.000000
0.186913, 0.000000
0.186913, 0.000000
0.186913, 0.000000
0.186913, 0.000000
0.186913, 0.000000
0.186913, 0.000000
0.186913, 0.000000
0.186913, 0.000000
0.186913, 0.000000
0.186913, 0.000000
0.186913, 0.000000
0.186913, 0.000000
0.186913, 0.000000
0.186913, 0.000000
0.186913, 0.000000
0.186913, 0.000000
0.186913, 0.000000
0.186913, 0.000000
0.186913, 0.000000
0.186913, 0.000000
0.186913, 0.000000
0.186913, 0.000000
0.186913, 0.000000
0.186913, 0.000000
0.186913, 0.000000
0.186913, 0.000000
0.186913, 0.000000
0.186913, 0.000000
0.186913, 0.000000
0.186913, 0.000000
0.186913, 0.000000
0.186913, 0.000000
0.186913, 0.000000
0.186913, 0.000000
0.186913, 0.000000
0.186913, 0.000000
0.186913, 0.000000
0.186913, 0.000000
0.186913, 0.000000
0.186913, 0.000000
0.186913, 0.000000
0.186913, 0.000000
0.186913, 0.000000
0.186913, 0.000000
0.186913, 0.000000
0.186913, 0.000000
0.186913, 0.000000
0.186913, 0.000000
0.186913, 0.000000
0.186913, 0.000000
0.186913, 0.000000
0.186913, 0.000000
0.186913, 0.000000
0.186913, 0.000000
0.186913, 0.000000
0.186913, 0.000000
0.186913, 0.000000
0.186913, 0.000000
0.186913, 0.000000
0.186913, 0.000000
0.186913, 0.000000
0.186913, 0.000000
0.186913, 0.000000
0.186913, 0.000000
0.186913, 0.000000
0.186913, 0.000000
0.186913, 0.000000
0.186913, 0.000000
0.186913, 0.000000
0.186913, 0.000000
0.186913, 0.000000
0.186913, 0.000000
0.186913, 0.000000
0.186913, 0.000000
0.186913, 0.000000
0.186913, 0.000000
0.186913, 0.000000
0.186913, 0.000000
0.186913, 0.000000
0.186913, 0.000000
0.186913, 0.000000
0.186913, 0.000000
0.186913, 0.000000
0.186913, 0.000000
0.186913, 0.000000
0.186913, 0.000000
0.186913, 0.000000
0.186913, 0.000000
0.186913, 0.000000
0.186913, 0.000000
0.186913, 0.000000
0.186913, 0.000000
0.186913, 0.000000
0.186913, 0.000000
0.186913, 0.000000
0.186913, 0.000000
0.186913, 0.000000
0.186913, 0.000000
0.186913, 0.000000
0.186913, 0.000000
0.186913, 0.000000
0.186913, 0.000000
0.186913, 0.000000
0.186913, 0.000000
0.186913, 0.000000
0.186913, 0.000000
0.186913, 0.000000
0.186913, 0.000000
0.186913, 0.000000
0.186913, 0.000000
0.186913, 0.000000
0.186913, 0.000000
0.186913, 0.000000
0.186913, 0.000000
0.186913, 0.000000
0.186913, 0.000000
0.186913, 0.000000
0.186913, 0.000000
0.186913, 0.000000
0.186913, 0.000000
0.186913, 0.000000
0.186913, 0.000000
0.186913, 0.000000
0.186913, 0.000000
0.186913, 0.000000
0.186913, 0.000000
0.186913, 0.000000
0.186913, 0.000000
0.186913, 0.000000
0.186913, 0.000000
0.186913, 0.000000
0.186913, 0.000000
0.186913, 0.000000
0.186913, 0.000000
0.186913, 0.000000
0.186913, 0.000000
0.186913, 0.000000
0.186913, 0.000000
0.186913, 0.000000
0.186913, 0.000000
0.186913, 0.000000
0.186913, 0.000000
0.186913, 0.000000
0.186913, 0.000000
0.186913, 0.000000
0.186913, 0.000000
0.186913, 0.000000
0.186913, 0.000000
0.186913, 0.000000
0.186913, 0.000000
0.186913, 0.000000
0.186913, 0.000000
0.186913, 0.000000
0.186913, 0.000000
0.186913, 0.000000
0.186913, 0.000000
0.186913, 0.000000
0.186913, 0.000000
0.186913, 0.000000
0.186913, 0.000000
0.186913, 0.000000
0.186913, 0.000000
0.186913, 0.000000
0.186913, 0.000000
0.186913, 0.000000
0.186913, 0.000000
0.186913, 0.000000
0.186913, 0.000000
0.186913, 0.000000
0.186913, 0.000000
0.186913, 0.000000
0.186913, 0.000000
0.186913, 0.000000
0.186913, 0.000000
0.186913, 0.000000
0.186913, 0.000000
0.186913, 0.000000
0.186913, 0.000000
0.186913, 0.000000
0.186913, 0.000000
0.186913, 0.000000
0.186913, 0.000000
0.186913, 0.000000
0.186913, 0.000000
0.186913, 0.000000
0.186913, 0.000000
0.186913, 0.000000
0.186913, 0.000000
0.186913, 0.000000
0.186913, 0.000000
0.186913, 0.000000
0.186913, 0.000000
0.186913, 0.000000
0.186913, 0.000000
0.186913, 0.000000
0.186913, 0.000000
0.186913, 0.000000
0.186913, 0.000000
0.186913, 0.000000
0.186913, 0.000000
0.186913, 0.000000
0.186913, 0.000000
0.186913, 0.000000
0.186913, 0.000000
0.186913, 0.000000
0.186913, 0.000000
0.186913, 0.000000
0.186913, 0.000000
0.186913, 0.000000
0.186913, 0.000000
0.186913, 0.000000
0.186913, 0.000000
0.186913, 0.000000
0.186913, 0.000000
0.186913, 0.000000
0.186913, 0.000000
0.186913, 0.000000
0.186913, 0.000000
0.186913, 0.000000
0.186913, 0.000000
0.186913, 0.000000
0.186913, 0.000000
0.186913, 0.000000
0.186913, 0.000000
0.186913, 0.000000
0.186913, 0.000000
0.186913, 0.000000
0.186913, 0.000000
0.186913, 0.000000
0.186913, 0.000000
0.186913, 0.000000
0.186913, 0.000000
0.186913, 0.000000
0.186913, 0.000000
0.186913, 0.000000
0.186913, 0.000000
0.186913, 0.000000
0.186913, 0.000000
0.186913, 0.000000
0.186913, 0.000000
0.186913, 0.000000
0.186913, 0.000000
0.186913, 0.000000
0.186913, 0.000000
0.186913, 0.000000
0.186913, 0.000000
0.186913, 0.000000
0.186913, 0.000000
0.186913, 0.000000
0.186913, 0.000000
0.186913, 0.000000
0.186913, 0.000000
0.186913, 0.000000
0.186913, 0.000000
0.186913, 0.000000
0.186913, 0.000000
0.186913, 0.000000
0.186913, 0.000000
0.186913, 0.000000
0.186913, 0.000000
0.186913, 0.000000
0.186913, 0.000000
0.186911, 0.000002
0.186908, 0.000005
0.186894, 0.000018
0.186837, 0.000076
0.186683, 0.000229
0.186303, 0.000610
0.185730, 0.001182
0.184722, 0.002190
0.183058, 0.003855
0.180538, 0.006375
0.176309, 0.010604
0.170627, 0.016286
0.163710, 0.023203
0.155186, 0.031726
0.144568, 0.042344
0.131369, 0.055544
0.117081, 0.069831
0.101869, 0.085043
0.086692, 0.100220
0.072001, 0.114911
0.058208, 0.128705
0.045638, 0.141274
0.034110, 0.152803
0.023710, 0.163202
0.014564, 0.172348
0.006544, 0.180369
6.282820, 0.187277
6.276858, 0.193239
6.271753, 0.198345
6.267412, 0.202685
6.263723, 0.206374
6.260586, 0.209511
6.257920, 0.212177
6.255655, 0.214443
6.253729, 0.216369
6.252091, 0.218006
6.250700, 0.219398
6.249517, 0.220580
6.248511, 0.221586
6.247657, 0.222441
6.246931, 0.223167
6.246313, 0.223785
6.245788, 0.224309
6.245342, 0.224756
6.244963, 0.225134
6.244640, 0.225457
6.244367, 0.225731
6.244134, 0.225964
6.243936, 0.226162
6.243767, 0.226330
6.243625, 0.226473
6.243503, 0.226594
6.243400, 0.226698
6.243312, 0.226785
6.243237, 0.226861
6.243173, 0.226924
6.243120, 0.226978
6.243074, 0.227024
6.243035, 0.227062
6.243002, 0.227095
6.242974, 0.227124
6.242950, 0.227148
6.242929, 0.227168
6.242912, 0.227185
6.242898, 0.227200
6.242885, 0.227213
6.242874, 0.227223
6.242865, 0.227232
6.242858, 0.227240
6.242851, 0.227246
6.242845, 0.227252
6.242841, 0.227257
6.242837, 0.227261
6.242833, 0.227264
6.242830, 0.227267
6.242828, 0.227270
6.242826, 0.227272
6.242824, 0.227273
6.242822, 0.227275
6.242821, 0.227276
6.242820, 0.227277
6.242819, 0.227278
6.242819, 0.227279
6.242818, 0.227280
6.242817, 0.227280
6.242817, 0.227281
6.242817, 0.227281
6.242816, 0.227281
6.242816, 0.227282
6.242816, 0.227282
6.242815, 0.227282
6.242815, 0.227282
6.242815, 0.227282
6.242815, 0.227282
6.242814, 0.227283
6.242814, 0.227283
6.242814, 0.227283
6.242814, 0.227283
6.242814, 0.227283
6.242814, 0.227283
6.242814, 0.227283
6.242814, 0.227283
6.242816, 0.227281
6.242838, 0.227260
6.242920, 0.227177
6.243054, 0.227043
6.243387, 0.226710
6.243889, 0.226209
6.244665, 0.225432
6.245981, 0.224116
6.247757, 0.222340
6.250274, 0.219823
6.253701, 0.216396
6.258346, 0.211751
6.264026, 0.206071
6.271056, 0.199042
6.279481, 0.190616
0.006290, 0.180622
0.017087, 0.169824
0.028569, 0.158343
0.040079, 0.146833
0.050974, 0.135938
0.060235, 0.126677
0.068106, 0.118805
0.074797, 0.112114
0.080485, 0.106427
0.085319, 0.101592
0.089428, 0.097483
0.092921, 0.093991
0.095889, 0.091022
0.098413, 0.088498
0.100558, 0.086353
0.102381, 0.084530
0.103931, 0.082980
0.104249, 0.082662
0.103326, 0.083585
0.101549, 0.085362
0.099047, 0.087864
0.096078, 0.090834
0.092874, 0.094037
0.089589, 0.097322
0.086392, 0.100519
0.083268, 0.103643
0.080329, 0.106582
0.077635, 0.109276
0.075200, 0.111711
0.073052, 0.113858
0.071185, 0.115726
0.069571, 0.117340
0.068191, 0.118720
0.067017, 0.119894
0.066019, 0.120892
0.065170, 0.121740
0.064450, 0.122461
0.063837, 0.123074
0.063316, 0.123595
0.062873, 0.124038
0.062497, 0.124414
0.062177, 0.124734
0.061905, 0.125006
0.061674, 0.125237
0.061477, 0.125433
0.061310, 0.125600
0.061168, 0.125742
0.061048, 0.125863
0.060945, 0.125965
0.060858, 0.126052
0.060784, 0.126127
0.060721, 0.126189
0.060667, 0.126243
0.060622, 0.126288
0.060583, 0.126327
0.060550, 0.126360
0.060522, 0.126388
0.060498, 0.126411
0.060478, 0.126432
0.060461, 0.126449
0.060446, 0.126463
0.060434, 0.126476
0.060424, 0.126487
0.060415, 0.126496
0.060407, 0.126503
0.060401, 0.126510
0.060395, 0.126515
0.060390, 0.126520
0.060386, 0.126524
0.060383, 0.126528
0.060380, 0.126531
0.060378, 0.126533
0.060376, 0.126535
0.060374, 0.126537
0.060372, 0.126539
0.060371, 0.126540
0.060370, 0.126541
0.060369, 0.126542
0.060368, 0.126542
0.060368, 0.126543
0.060367, 0.126544
0.060367, 0.126544
0.060366, 0.126545
0.060366, 0.126545
0.060366, 0.126545
0.060365, 0.126546
0.060365, 0.126546
0.060365, 0.126546
0.060365, 0.126546
0.060365, 0.126546
0.060364, 0.126546
0.060364, 0.126546
0.060364, 0.126546
0.060364, 0.126546
0.060364, 0.126546
0.060364, 0.126546
0.060364, 0.126546
0.060364, 0.126546
0.060364, 0.126546
0.060364, 0.126546
0.060364, 0.126546
0.060364, 0.126546
0.060364, 0.126546
0.060364, 0.126546
0.060364, 0.126546
0.060364, 0.126546
0.060364, 0.126546
0.060364, 0.126546
0.060364, 0.126546
0.060364, 0.126546
0.060364, 0.126546
0.060364, 0.126546
0.060364, 0.126546
0.060364, 0.126546
0.060364, 0.126546
0.060364, 0.126546
0.060364, 0.126546
0.060364, 0.126546
0.060364, 0.126546
0.060364, 0.126546
0.060364, 0.126546
0.060364, 0.126546
0.060364, 0.126546
0.060364, 0.126546
0.060364, 0.126546
0.060363, 0.126547
0.060357, 0.126554
0.060325, 0.126585
0.060244, 0.126666
0.060035, 0.126875
0.059619, 0.127292
0.058902, 0.128008
0.057769, 0.129141
0.056083, 0.130828
0.053334, 0.133576
0.049683, 0.137227
0.044830, 0.142081
0.037948, 0.148962
0.029342, 0.157568
0.018561, 0.168349
0.005177, 0.181733
6.272064, 0.198031
6.253290, 0.216806
6.232411, 0.237685
6.209742, 0.260354
6.185552, 0.284544
6.160069, 0.310026
6.133488, 0.336607
6.105972, 0.364123
6.077663, 0.392432
6.048679, 0.421417
6.019121, 0.450975
5.989075, 0.481020
5.958615, 0.511480
5.927803, 0.542292
5.896691, 0.573404
5.866131, 0.603965
5.836631, 0.633465
5.808742, 0.661353
5.782944, 0.687151
5.759334, 0.710761
5.738307, 0.731788
5.719476, 0.750619
5.702768, 0.767327
5.688094, 0.782001
5.675342, 0.794753
5.664286, 0.805809
5.654801, 0.815295
5.646689, 0.823407
5.639782, 0.830314
5.633898, 0.836198
5.628894, 0.841201
5.624641, 0.845454
5.621026, 0.849069
5.617953, 0.852142
5.615341, 0.854754
5.613121, 0.856974
5.611235, 0.858861
5.609630, 0.860465
5.608267, 0.861828
5.607108, 0.862987
5.606123, 0.863972
5.605286, 0.864810
5.604574, 0.865521
5.603969, 0.866126
5.603455, 0.866640
5.603018, 0.867078
5.602646, 0.867449
5.602331, 0.867765
5.602062, 0.868033
5.601834, 0.868262
5.601640, 0.868455
5.601475, 0.868620
5.601335, 0.868760
5.601216, 0.868879
5.601115, 0.868981
5.601028, 0.869067
5.600955, 0.869140
5.600893, 0.869202
5.600840, 0.869255
5.600796, 0.869300
5.600757, 0.869338
5.600725, 0.869371
5.600697, 0.869398
5.600674, 0.869422
5.600654, 0.869441
5.600637, 0.869458
5.600622, 0.869473
5.600610, 0.869485
5.600600, 0.869496
5.600591, 0.869504
5.600583, 0.869512
5.600577, 0.869519
5.600571, 0.869524
5.600567, 0.869528
5.600563, 0.869532
5.600560, 0.869536
5.600557, 0.869538
5.600554, 0.869541
5.600552, 0.869543
5.600551, 0.869545
5.600549, 0.869546
5.600548, 0.869547
5.600547, 0.869548
5.600546, 0.869550
5.600545, 0.869550
5.600545, 0.869551
5.600544, 0.869552
5.600543, 0.869552
5.600543, 0.869552
5.600543, 0.869553
5.600543, 0.869553
5.600542, 0.869553
5.600541, 0.869554
5.600541, 0.869554
5.600541, 0.869554
5.600541, 0.869554
5.600541, 0.869554
5.600541, 0.869554
5.600541, 0.869554
5.600541, 0.869554
5.600541, 0.869554
5.600541, 0.869554
5.600541, 0.869554
5.600540, 0.869555
5.600540, 0.869555
5.600540, 0.869555
5.600540, 0.869555
5.600540, 0.869555
5.600540, 0.869555
5.600540, 0.869555
5.600540, 0.869555
5.600540, 0.869555
5.600540, 0.869555
5.600540, 0.869555
5.600540, 0.869555
5.600540, 0.869555
5.600540, 0.869555
5.600540, 0.869555
5.600540, 0.869555
5.600540, 0.869555
5.600540, 0.869555
5.600540, 0.869555
5.600540, 0.869555
5.600540, 0.869555
5.600540, 0.869555
5.600540, 0.869555
5.600540, 0.869555
5.600540, 0.869555
5.600540, 0.869555
5.600540, 0.869555
5.600540, 0.869555
5.600540, 0.869555
5.600540, 0.869555
5.600540, 0.869555
5.600540, 0.869555
5.600540, 0.869555
5.600540, 0.869555
5.600540, 0.869555
5.600540, 0.869555
5.600540, 0.869555
5.600540, 0.869555
5.600540, 0.869555
5.600540, 0.869555
5.600540, 0.869555
5.600540, 0.869555
5.600540, 0.869555
5.600540, 0.869555
5.600540, 0.869555
5.600540, 0.869555
5.600540, 0.869555
5.600540, 0.869555
5.600540, 0.869555
5.600540, 0.869555
5.600540, 0.869555
5.600540, 0.869555
5.600540, 0.869555
5.600540, 0.869555
5.600540, 0.869555
5.600540, 0.869555
5.600540, 0.869555
5.600540, 0.869555
5.600540, 0.869555
5.600540, 0.869555
5.600540, 0.869555
5.600540, 0.869555
5.600540, 0.869555
5.600540, 0.869555
5.600540, 0.869555
5.600540, 0.869555
5.600540, 0.869555
5.600540, 0.869555
5.600540, 0.869555
5.600540, 0.869555
5.600540, 0.869555
5.600540, 0.869555
5.600540, 0.869555
5.600540, 0.869555
5.600540, 0.869555
5.600540, 0.869555
5.600540, 0.869555
5.600540, 0.869555
5.600540, 0.869555
5.600540, 0.869555
5.600540, 0.869555
5.600540, 0.869555
5.600540, 0.869555
5.600540, 0.869555
5.600540, 0.869555
5.600540, 0.869555
5.600524, 0.869571
5.600470, 0.869626
5.600355, 0.869741
5.600102, 0.869993
5.599733, 0.870362
5.599198, 0.870897
5.598459, 0.871636
5.597454, 0.872641
5.596128, 0.873968
5.594415, 0.875681
5.592262, 0.877833
5.589478, 0.880617
5.586157, 0.883938
5.582128, 0.887967
5.577466, 0.892630
5.572654, 0.897441
5.568529, 0.901566
5.565022, 0.905073
5.562041, 0.908054
5.559507, 0.910588
5.557354, 0.912741
5.555523, 0.914572
5.553968, 0.916128
5.552645, 0.917450
5.551521, 0.918575
5.550565, 0.919530
5.549753, 0.920342
5.549063, 0.921033
5.548476, 0.921620
5.547063, 0.923032
5.545037, 0.925058
5.542570, 0.927525
5.539809, 0.930287
5.536953, 0.933143
5.534095, 0.936000
5.531283, 0.938812
5.528596, 0.941500
5.526058, 0.944037
5.523725, 0.946370
5.521616, 0.948479
5.519713, 0.950382
5.518030, 0.952065
5.516569, 0.953526
5.515297, 0.954798
5.514209, 0.955886
5.513284, 0.956812
5.512497, 0.957598
5.511828, 0.958267
5.511260, 0.958836
5.510776, 0.959319
5.510366, 0.959729
5.510016, 0.960079
5.509720, 0.960376
5.509467, 0.960628
5.509253, 0.960842
5.509070, 0.961025
5.508916, 0.961179
5.508784, 0.961311
5.508672, 0.961423
5.508577, 0.961518
5.508496, 0.961599
5.508428, 0.961668
5.508369, 0.961726
5.508319, 0.961776
5.508277, 0.961818
5.508242, 0.961854
5.508211, 0.961885
5.508185, 0.961910
5.508163, 0.961932
5.508144, 0.961951
5.508128, 0.961967
5.508115, 0.961980
5.508103, 0.961992
5.508094, 0.962002
5.508085, 0.962010
5.508078, 0.962017
5.508072, 0.962023
5.508067, 0.962028
5.508063, 0.962033
5.508059, 0.962036
5.508056, 0.962040
5.508053, 0.962042
5.508051, 0.962044
5.508049, 0.962046
5.508048, 0.962048
5.508046, 0.962049
5.508045, 0.962050
5.508044, 0.962051
5.508044, 0.962052
5.508042, 0.962053
5.508042, 0.962053
5.508041, 0.962054
5.508041, 0.962054
5.508041, 0.962054
5.508040, 0.962055
5.508040, 0.962055
5.508040, 0.962055
5.508040, 0.962055
5.508039, 0.962056
5.508039, 0.962056
5.508039, 0.962056
5.508039, 0.962056
5.508039, 0.962056
5.508039, 0.962056
5.508039, 0.962056
5.508039, 0.962056
5.508039, 0.962056
5.508039, 0.962056
5.508039, 0.962056
5.508039, 0.962056
5.508039, 0.962056
5.508039, 0.962056
5.508039, 0.962056
5.508039, 0.962056
5.508039, 0.962056
5.508039, 0.962056
5.508039, 0.962056
5.508039, 0.962056
5.508039, 0.962056
5.508039, 0.962056
5.508039, 0.962056
5.508039, 0.962056
5.508039, 0.962056
5.508039, 0.962056
5.508039, 0.962056
5.508039, 0.962056
5.508039, 0.962056
5.508039, 0.962056
5.508039, 0.962056
5.508039, 0.962056
5.508039, 0.962056
5.508039, 0.962056
5.508039, 0.962056
5.508039, 0.962056
5.508039, 0.962056
5.508039, 0.962056
5.508039, 0.962056
5.508039, 0.962056
5.508039, 0.962056
5.508039, 0.962056
5.508039, 0.962056
5.508039, 0.962056
5.508039, 0.962056
5.508039, 0.962056
5.508039, 0.962056
5.508039, 0.962056
5.508039, 0.962056
5.508039, 0.962056
5.508039, 0.962056
5.508039, 0.962056
5.508039, 0.962056
5.508039, 0.962056
5.508039, 0.962056
5.508039, 0.962056
5.508039, 0.962056
5.508039, 0.962056
5.508039, 0.962056
5.508039, 0.962056
5.508039, 0.962056
5.508039, 0.962056
5.508039, 0.962056
5.508039, 0.962056
5.508038, 0.962058
5.508035, 0.962060
5.508010, 0.962085
5.507924, 0.962171
5.507747, 0.962348
5.507421, 0.962674
5.506897, 0.963198
5.506026, 0.964069
5.504712, 0.965383
5.503073, 0.967022
5.501157, 0.968938
5.499260, 0.970835
5.497462, 0.972634
5.495812, 0.974284
5.494370, 0.975725
5.493130, 0.976965
5.492076, 0.978020
5.491179, 0.978916
5.490417, 0.979678
5.489769, 0.980326
5.489219, 0.980877
5.488751, 0.981345
5.488353, 0.981743
5.488014, 0.982081
5.487727, 0.982368
5.487483, 0.982612
5.487275, 0.982820
5.487098, 0.982997
5.486948, 0.983147
5.486821, 0.983274
5.486713, 0.983383
5.486625, 0.983470
5.486557, 0.983538
5.486534, 0.983562
5.486573, 0.983522
5.486716, 0.983379
5.487068, 0.983027
5.487656, 0.982439
5.488523, 0.981572
5.489733, 0.980363
5.491334, 0.978762
5.493518, 0.976577
5.496372, 0.973723
5.499954, 0.970141
5.504313, 0.965782
5.509455, 0.960640
5.515618, 0.954478
5.522551, 0.947544
5.529533, 0.940562
5.535468, 0.934627
5.540513, 0.929582
5.544802, 0.925294
5.548446, 0.921649
5.551544, 0.918551
5.554178, 0.915917
5.556416, 0.913679
5.558319, 0.911777
5.559936, 0.910160
5.561311, 0.908784
5.562479, 0.907616
5.563472, 0.906623
5.564317, 0.905779
5.565034, 0.905061
5.565644, 0.904451
5.566162, 0.903933
5.566603, 0.903492
5.566978, 0.903118
5.567296, 0.902799
5.567567, 0.902529
5.567797, 0.902298
5.567992, 0.902103
5.568159, 0.901937
5.568300, 0.901796
5.568420, 0.901675
5.568522, 0.901574
5.568609, 0.901487
5.568683, 0.901413
5.568745, 0.901350
5.568798, 0.901297
5.568843, 0.901252
5.568882, 0.901213
5.569438, 0.900657
5.571225, 0.898870
5.574756, 0.895340
5.580162, 0.889933
5.587814, 0.882281
5.598266, 0.871829
5.611098, 0.858998
5.625418, 0.844678
5.640781, 0.829314
5.656169, 0.813927
5.685302, 0.784793
5.671190, 0.798905
5.698643, 0.771453
5.711030, 0.759066
5.722193, 0.747902
5.732315, 0.737780
5.741253, 0.728842
5.749004, 0.721091
5.755748, 0.714347
5.761573, 0.708522
5.766564, 0.703531
5.770818, 0.699278
5.774436, 0.695659
5.777511, 0.692584
5.780125, 0.689970
5.782348, 0.687748
5.784236, 0.685860
5.785842, 0.684254
5.787206, 0.682890
5.788366, 0.681730
5.789352, 0.680744
5.790189, 0.679906
5.790902, 0.679193
5.791507, 0.678588
5.792022, 0.678073
5.792460, 0.677636
5.792831, 0.677264
5.793148, 0.676948
5.793416, 0.676679
5.793645, 0.676451
5.793839, 0.676257
5.794004, 0.676092
5.794144, 0.675952
5.794263, 0.675832
5.794364, 0.675731
5.794451, 0.675645
5.794524, 0.675571
5.794586, 0.675509
5.794639, 0.675456
5.794684, 0.675411
5.794722, 0.675373
5.794755, 0.675341
5.794782, 0.675313
5.794806, 0.675290
5.794825, 0.675270
5.794843, 0.675253
5.794857, 0.675238
5.794869, 0.675226
5.794880, 0.675215
5.794888, 0.675207
5.794896, 0.675199
5.794902, 0.675193
5.794908, 0.675188
5.794912, 0.675183
5.794916, 0.675179
5.794920, 0.675176
5.794922, 0.675173
5.794925, 0.675170
5.794927, 0.675169
5.794929, 0.675166
5.794930, 0.675165
5.794931, 0.675164
5.794933, 0.675163
5.794934, 0.675162
5.794934, 0.675161
5.794935, 0.675161
5.794935, 0.675160
5.794936, 0.675160
5.794936, 0.675159
5.794937, 0.675158
5.794937, 0.675158
5.794937, 0.675158
5.794937, 0.675158
5.794937, 0.675158
5.794938, 0.675157
5.794938, 0.675157
5.794938, 0.675157
5.794938, 0.675157
5.794938, 0.675157
5.794938, 0.675157
5.794938, 0.675157
5.794938, 0.675157
5.794938, 0.675157
5.794938, 0.675157
5.794938, 0.675157
5.794938, 0.675157
5.794938, 0.675157
5.794938, 0.675157
5.794938, 0.675157
5.794938, 0.675157
5.794938, 0.675157
5.794938, 0.675157
5.794938, 0.675157
5.794938, 0.675157
5.794938, 0.675157
5.794938, 0.675157
5.794938, 0.675157
5.794938, 0.675157
5.794938, 0.675157
5.794938, 0.675157
5.794938, 0.675157
5.794938, 0.675157
5.794938, 0.675157
5.794938, 0.675157
5.794938, 0.675157
5.794938, 0.675157
5.794938, 0.675157
5.794938, 0.675157
5.794938, 0.675157
5.794938, 0.675157
5.794938, 0.675157
5.794938, 0.675157
5.794938, 0.675157
5.794938, 0.675157
5.794938, 0.675157
5.794938, 0.675157
5.794938, 0.675157
5.794938, 0.675157
5.794938, 0.675157
5.794938, 0.675157
5.794938, 0.675157
5.794938, 0.675157
5.794938, 0.675157
5.794938, 0.675157
5.794938, 0.675157
5.794938, 0.675157
5.794938, 0.675157
5.794938, 0.675157
5.794938, 0.675157
5.794938, 0.675157
5.794938, 0.675157
5.794938, 0.675157
5.794938, 0.675157
5.794938, 0.675157
5.794938, 0.675157
5.794938, 0.675157
5.794938, 0.675157
5.794938, 0.675157
5.794938, 0.675157
5.794938, 0.675157
5.794938, 0.675157
5.794938, 0.675157
5.794938, 0.675157
5.794938, 0.675157
5.794938, 0.675157
5.794938, 0.675157
5.794938, 0.675157
5.794938, 0.675157
5.794938, 0.675157
5.794938, 0.675157
5.794938, 0.675157
5.794938, 0.675157
5.794938, 0.675157
5.794938, 0.675157
5.794938, 0.675157
5.794938, 0.675157
5.794938, 0.675157
5.794938, 0.675157
5.794938, 0.675157
5.794938, 0.675157
5.794938, 0.675157
5.794938, 0.675157
5.794938, 0.675157
5.794938, 0.675157
5.794938, 0.675157
5.794938, 0.675157
5.794938, 0.675157
5.794938, 0.675157
5.794938, 0.675157
5.794938, 0.675157
5.794938, 0.675157
5.794938, 0.675157
5.794938, 0.675157
5.794938, 0.675157
5.794938, 0.675157
5.794938, 0.675157
5.794938, 0.675157
5.794938, 0.675157
5.794938, 0.675157
5.794938, 0.675157
5.794938, 0.675157
5.794938, 0.675157
5.794938, 0.675157
5.794938, 0.675157
5.794938, 0.675157
5.794938, 0.675157
5.794938, 0.675157
5.794938, 0.675157
5.794938, 0.675157
5.794938, 0.675157
5.794938, 0.675157
5.794938, 0.675157
5.794938, 0.675157
5.794938, 0.675157
5.794937, 0.675158
5.794934, 0.675161
5.794919, 0.675176
5.794871, 0.675225
5.794738, 0.675358
5.794331, 0.675764
5.793693, 0.676403
5.792598, 0.677497
5.791116, 0.678980
5.789033, 0.681062
5.786289, 0.683806
5.782655, 0.687440
5.778261, 0.691835
5.773623, 0.696472
5.769015, 0.701081
5.764636, 0.705459
5.760581, 0.709514
5.756946, 0.713149
5.753754, 0.716342
5.750994, 0.719101
5.748629, 0.721467
5.746612, 0.723483
5.744898, 0.725197
5.743441, 0.726654
5.742203, 0.727892
5.741150, 0.728945
5.740256, 0.729840
5.739495, 0.730600
5.738848, 0.731247
5.738299, 0.731796
5.737832, 0.732263
5.737435, 0.732660
5.737097, 0.732998
5.736811, 0.733285
5.736567, 0.733529
5.736360, 0.733736
5.736183, 0.733912
5.736034, 0.734062
5.735906, 0.734189
5.735798, 0.734297
5.735706, 0.734389
5.735628, 0.734467
5.735562, 0.734534
5.735505, 0.734590
5.735457, 0.734638
5.735417, 0.734679
5.735382, 0.734714
5.735352, 0.734743
5.735327, 0.734768
5.735306, 0.734789
5.735288, 0.734807
5.735272, 0.734823
5.735259, 0.734836
5.735248, 0.734847
5.735239, 0.734856
5.735231, 0.734864
5.735224, 0.734871
5.736562, 0.733533
5.739521, 0.730575
5.743583, 0.726513
5.748465, 0.721631
5.753818, 0.716278
5.759402, 0.710693
5.765004, 0.705091
5.770467, 0.699628
5.775656, 0.694440
5.780458, 0.689638
5.784842, 0.685253
5.788797, 0.681299
5.792316, 0.677779
5.795397, 0.674698
5.798063, 0.672032
5.800345, 0.669750
5.802288, 0.667807
5.803940, 0.666155
5.805344, 0.664751
5.806538, 0.663557
5.807553, 0.662543
5.808415, 0.661680
5.809148, 0.660947
5.809771, 0.660324
5.810301, 0.659794
5.810751, 0.659344
5.811134, 0.658962
5.811459, 0.658636
5.811735, 0.658360
5.811970, 0.658125
5.812170, 0.657925
5.812340, 0.657755
5.812484, 0.657611
5.812607, 0.657488
5.812711, 0.657384
5.812800, 0.657296
5.812875, 0.657220
5.812939, 0.657156
5.812994, 0.657102
5.813040, 0.657055
5.813079, 0.657016
5.813113, 0.656982
5.813141, 0.656954
5.813165, 0.656930
5.813186, 0.656909
5.813203, 0.656892
5.813218, 0.656877
5.813231, 0.656865
5.813241, 0.656854
5.813250, 0.656845
5.813258, 0.656837
5.813265, 0.656831
5.813271, 0.656825
5.813275, 0.656820
5.813279, 0.656816
5.813283, 0.656812
5.813285, 0.656810
5.813288, 0.656807
5.813290, 0.656805
5.813292, 0.656803
5.813293, 0.656802
5.813295, 0.656800
5.813297, 0.656798
5.813310, 0.656785
5.813405, 0.656691
5.813567, 0.656529
5.813798, 0.656297
5.814293, 0.655802
5.815012, 0.655084
5.816064, 0.654032
5.817834, 0.652261
5.820561, 0.649534
5.824102, 0.645993
5.828861, 0.641234
5.835099, 0.634996
5.843238, 0.626857
5.853569, 0.616526
5.865166, 0.604929
5.877350, 0.592745
5.889033, 0.581063
5.900288, 0.569808
5.910728, 0.559367
5.920280, 0.549816
5.928933, 0.541162
5.936577, 0.533518
5.943206, 0.526889
5.948972, 0.521123
5.953892, 0.516203
5.958093, 0.512002
5.961664, 0.508431
5.964699, 0.505396
5.967280, 0.502815
5.969473, 0.500622
5.971337, 0.498758
5.972922, 0.497174
5.974268, 0.495827
5.975413, 0.494682
5.976386, 0.493709
5.977214, 0.492882
5.977917, 0.492179
5.978514, 0.491581
5.979022, 0.491073
5.979454, 0.490641
5.979821, 0.490274
5.980132, 0.489963
5.980398, 0.489698
5.980623, 0.489472
5.980815, 0.489280
5.980978, 0.489117
5.981116, 0.488979
5.981234, 0.488861
5.981342, 0.488753
5.981443, 0.488653
5.981555, 0.488541
5.981713, 0.488382
5.982069, 0.488027
5.982590, 0.487506
5.983387, 0.486708
5.984642, 0.485454
5.986534, 0.483562
5.989449, 0.480647
5.993587, 0.476508
5.999174, 0.470922
6.006414, 0.463681
6.015706, 0.454389
6.027290, 0.442806
6.039924, 0.430172
6.052901, 0.417195
6.065520, 0.404575
6.077836, 0.392259
6.089515, 0.380580
6.100326, 0.369769
6.110058, 0.360037
6.118729, 0.351367
6.126351, 0.343745
6.132987, 0.337109
6.138712, 0.331383
6.143610, 0.326485
6.147777, 0.322318
6.151318, 0.318777
6.154329, 0.315766
6.156888, 0.313207
6.159063, 0.311032
6.160913, 0.309183
6.162484, 0.307611
6.163820, 0.306276
6.164955, 0.305140
6.165920, 0.304175
6.166741, 0.303355
6.167438, 0.302657
6.168031, 0.302065
6.168535, 0.301561
6.168963, 0.301132
6.169327, 0.300768
6.169637, 0.300459
6.169899, 0.300196
6.170123, 0.299972
6.170313, 0.299782
6.170474, 0.299621
6.170612, 0.299483
6.170729, 0.299367
6.170828, 0.299268
6.170912, 0.299184
6.170984, 0.299112
6.171044, 0.299051
6.171096, 0.298999
6.171140, 0.298955
6.171178, 0.298918
6.171210, 0.298886
6.171237, 0.298859
6.171260, 0.298836
6.171279, 0.298816
6.171296, 0.298799
6.171310, 0.298786
6.171322, 0.298773
6.171332, 0.298763
6.171341, 0.298755
6.171348, 0.298747
6.171354, 0.298741
6.171360, 0.298736
6.171364, 0.298731
6.171368, 0.298728
6.171371, 0.298724
6.171374, 0.298721
6.171376, 0.298719
6.171378, 0.298717
6.171380, 0.298715
6.171382, 0.298714
6.171383, 0.298713
6.171384, 0.298712
6.171385, 0.298711
6.171385, 0.298710
6.171386, 0.298709
6.171387, 0.298708
6.171387, 0.298708
6.171387, 0.298708
6.171388, 0.298707
6.171388, 0.298707
6.171388, 0.298707
6.171388, 0.298707
6.171388, 0.298707
6.171389, 0.298706
6.171389, 0.298706
6.171389, 0.298706
6.171389, 0.298706
6.171389, 0.298706
6.171390, 0.298706
6.171390, 0.298706
6.171390, 0.298706
6.171390, 0.298706
6.171390, 0.298706
6.171390, 0.298706
6.171390, 0.298706
6.171390, 0.298706
6.171390, 0.298706
6.171390, 0.298706
6.171390, 0.298706
6.171390, 0.298706
6.171390, 0.298706
6.171390, 0.298706
6.171390, 0.298706
6.171390, 0.298706
6.171390, 0.298706
6.171390, 0.298706
6.171390, 0.298706
6.171390, 0.298706
6.171390, 0.298706
6.171390, 0.298706
6.171390, 0.298706
6.171390, 0.298706
6.171390, 0.298706
6.171390, 0.298706
6.171390, 0.298706
6.171390, 0.298706
6.171390, 0.298706
6.171390, 0.298706
6.171390, 0.298706
6.171390, 0.298706
6.171390, 0.298706
6.171390, 0.298706
6.171390, 0.298706
6.171390, 0.298706
6.171390, 0.298706
6.171390, 0.298706
6.171390, 0.298706
6.171390, 0.298706
6.171390, 0.298706
6.171390, 0.298706
6.171390, 0.298706
6.171390, 0.298706
6.171390, 0.298706
6.171390, 0.298706
6.171390, 0.298706
6.171390, 0.298706
6.171390, 0.298706
6.171390, 0.298706
6.171390, 0.298706
6.171390, 0.298706
6.171390, 0.298706
6.171390, 0.298706
6.171390, 0.298706
6.171390, 0.298706
6.171390, 0.298706
6.171390, 0.298706
6.171390, 0.298706
6.171390, 0.298706
6.171390, 0.298706
6.171390, 0.298706
6.171390, 0.298706
6.171390, 0.298706
6.171390, 0.298706
6.171390, 0.298706
6.171390, 0.298706
6.171390, 0.298706
6.171390, 0.298706
6.171390, 0.298706
6.171392, 0.298704
6.171408, 0.298688
6.171512, 0.298584
6.171691, 0.298404
6.171981, 0.298114
6.172429, 0.297667
6.173103, 0.296992
6.174089, 0.296006
6.175555, 0.294541
6.177427, 0.292668
6.179743, 0.290352
6.182649, 0.287446
6.186278, 0.283818
6.190980, 0.279115
6.196596, 0.273499
6.202754, 0.267341
6.209373, 0.260723
6.215206, 0.254889
6.220164, 0.249931
6.224379, 0.245716
6.227961, 0.242134
6.231007, 0.239089
6.233595, 0.236501
6.235795, 0.234300
6.237665, 0.232430
6.239254, 0.230841
6.240606, 0.229490
6.241754, 0.228341
6.242730, 0.227365
6.243560, 0.226536
6.244265, 0.225830
6.244865, 0.225231
6.245374, 0.224721
6.245807, 0.224288
6.246175, 0.223920
6.246489, 0.223607
6.246754, 0.223341
6.246981, 0.223115
6.247172, 0.222923
6.247336, 0.222759
6.247475, 0.222620
6.247593, 0.222503
6.247693, 0.222402
6.247779, 0.222317
6.247851, 0.222244
6.247913, 0.222182
6.247965, 0.222130
6.248010, 0.222086
6.248048, 0.222048
6.248080, 0.222016
6.248107, 0.221989
6.248130, 0.221965
6.248150, 0.221945
6.248167, 0.221928
6.248181, 0.221915
6.248193, 0.221902
6.248203, 0.221892
6.248212, 0.221883
6.248220, 0.221876
6.248226, 0.221869
6.248231, 0.221864
6.248236, 0.221860
6.248240, 0.221855
6.248243, 0.221852
6.248246, 0.221850
6.248248, 0.221847
6.248250, 0.221845
6.248252, 0.221843
6.248254, 0.221842
6.248255, 0.221841
6.248256, 0.221839
6.248257, 0.221838
6.248257, 0.221838
6.248258, 0.221837
6.248258, 0.221837
6.248259, 0.221836
6.248260, 0.221836
6.248260, 0.221836
6.248260, 0.221835
6.248260, 0.221835
6.248261, 0.221835
6.248261, 0.221835
6.248261, 0.221835
6.248261, 0.221834
6.248261, 0.221834
6.248261, 0.221834
6.248261, 0.221834
6.248261, 0.221834
6.248261, 0.221834
6.248262, 0.221834
6.248262, 0.221834
6.248262, 0.221834
6.248262, 0.221834
6.248262, 0.221834
6.248262, 0.221834
6.248262, 0.221834
6.248262, 0.221834
6.248262, 0.221834
6.248262, 0.221834
6.248262, 0.221834
6.248262, 0.221834
6.248262, 0.221834
6.248262, 0.221834
6.248262, 0.221834
6.248262, 0.221834
6.248262, 0.221834
6.248262, 0.221834
6.248262, 0.221834
6.248262, 0.221834
6.248262, 0.221834
6.248262, 0.221834
6.248262, 0.221834
6.248262, 0.221834
6.248262, 0.221834
6.248262, 0.221834
6.248262, 0.221834
6.248262, 0.221834
6.248262, 0.221834
6.248262, 0.221834
6.248262, 0.221834
6.248262, 0.221834
6.248262, 0.221834
6.248262, 0.221834
6.248262, 0.221834
6.248262, 0.221834
6.248262, 0.221834
6.248262, 0.221834
6.248262, 0.221834
6.248262, 0.221834
6.248262, 0.221834
6.248262, 0.221834
6.248262, 0.221834
6.248262, 0.221834
6.248262, 0.221834
6.248262, 0.221834
6.248262, 0.221834
6.248262, 0.221834
6.248262, 0.221834
6.248262, 0.221834
6.248262, 0.221834
6.248262, 0.221834
6.248262, 0.221834
6.248262, 0.221834
6.248262, 0.221834
6.248262, 0.221834
6.248262, 0.221834
6.248262, 0.221834
6.248262, 0.221834
6.248262, 0.221834
6.248262, 0.221834
6.248262, 0.221834
6.248262, 0.221834
6.248262, 0.221834
6.248262, 0.221834
6.248262, 0.221834
6.248262, 0.221834
6.248262, 0.221834
6.248262, 0.221834
6.248262, 0.221834
6.248262, 0.221834
6.248262, 0.221834
6.248262, 0.221834
6.248262, 0.221834
6.248262, 0.221834
6.248262, 0.221834
6.248262, 0.221834
6.248262, 0.221834
6.248262, 0.221834
6.248262, 0.221834
6.248262, 0.221834
6.248262, 0.221834
6.248262, 0.221834
6.248262, 0.221834
6.248262, 0.221834
6.248262, 0.221834
6.248262, 0.221834
6.248262, 0.221834
6.248262, 0.221834
6.248262, 0.221834
6.248262, 0.221834
6.248262, 0.221834
6.248262, 0.221834
6.248262, 0.221834
6.248262, 0.221834
6.248262, 0.221834
6.248262, 0.221834
6.248262, 0.221834
6.248262, 0.221834
6.248262, 0.221834
6.248262, 0.221834
6.248262, 0.221834
6.248262, 0.221834
6.248262, 0.221834
6.248262, 0.221834
6.248262, 0.221834
6.248262, 0.221834
6.248262, 0.221834
6.248262, 0.221834
6.248262, 0.221834
6.248262, 0.221834
6.248262, 0.221834
6.248262, 0.221834
6.248262, 0.221834
6.248262, 0.221834
6.248262, 0.221834
6.248262, 0.221834
6.248262, 0.221834
6.248262, 0.221834
6.248262, 0.221834
6.248262, 0.221834
6.248262, 0.221834
6.248262, 0.221834
6.248262, 0.221834
6.248262, 0.221834
6.248262, 0.221834
6.248262, 0.221834
6.248262, 0.221834
6.248262, 0.221834
6.248262, 0.221834
6.248262, 0.221834
6.248262, 0.221834
6.248262, 0.221834
6.248262, 0.221834
6.248262, 0.221834
6.248262, 0.221834
6.248262, 0.221834
6.248262, 0.221834
6.248262, 0.221834
6.248262, 0.221834
6.248262, 0.221834
6.248262, 0.221834
6.248262, 0.221834
6.248262, 0.221834
6.248262, 0.221834
6.248262, 0.221834
6.248262, 0.221834
6.248262, 0.221834
6.248262, 0.221834
6.248262, 0.221834
6.248262, 0.221834
6.248262, 0.221834
6.248262, 0.221834
6.248262, 0.221834
6.248262, 0.221834
6.248262, 0.221834
6.248262, 0.221834
6.248262, 0.221834
6.248262, 0.221834
6.248262, 0.221834
6.248262, 0.221834
6.248262, 0.221834
6.248262, 0.221834
6.248262, 0.221834
6.248262, 0.221834
6.248262, 0.221834
6.248262, 0.221834
6.248262, 0.221834
6.248262, 0.221834
6.248262, 0.221834
6.248262, 0.221834
6.248262, 0.221834
6.248262, 0.221834
6.248262, 0.221834
6.248262, 0.221834
6.248262, 0.221834
6.248262, 0.221834
6.248262, 0.221834
6.248262, 0.221834
6.248262, 0.221834
6.248262, 0.221834
6.248262, 0.221834
6.248262, 0.221834
6.248262, 0.221834
6.248262, 0.221834
6.248262, 0.221834
6.248262, 0.221834
6.248262, 0.221834
6.248262, 0.221834
6.248262, 0.221834
6.248262, 0.221834
6.248262, 0.221834
6.248262, 0.221834
6.248262, 0.221834
6.248263, 0.221832
6.248277, 0.221819
6.248317, 0.221778
6.248416, 0.221680
6.248606, 0.221490
6.248874, 0.221222
6.249342, 0.220753
6.249982, 0.220113
6.250842, 0.219254
6.252033, 0.218063
6.253504, 0.216591
6.255312, 0.214783
6.257515, 0.212581
6.260052, 0.210043
6.263099, 0.206997
6.266578, 0.203517
6.269703, 0.200392
6.272358, 0.197737
6.274616, 0.195479
6.276535, 0.193560
6.278167, 0.191928
6.279553, 0.190542
6.280731, 0.189364
6.281733, 0.188362
6.282585, 0.187510
0.000123, 0.186786
0.000739, 0.186171
0.001262, 0.185648
0.001706, 0.185203
0.002084, 0.184825
0.002405, 0.184504
0.002678, 0.184231
0.002910, 0.183999
0.003107, 0.183802
0.003275, 0.183634
0.003417, 0.183492
0.003538, 0.183371
0.003641, 0.183268
0.003729, 0.183180
0.003803, 0.183106
0.003867, 0.183043
0.003920, 0.182989
0.003966, 0.182943
0.004005, 0.182904
0.004038, 0.182871
0.004066, 0.182843
0.004090, 0.182819
0.004110, 0.182799
0.004127, 0.182782
0.004142, 0.182767
0.004154, 0.182754
0.004165, 0.182744
0.004174, 0.182735
0.004181, 0.182727
0.004188, 0.182721
0.004193, 0.182715
0.004198, 0.182710
0.004202, 0.182706
0.004202, 0.182706
0.004180, 0.182729
0.004138, 0.182770
0.003972, 0.182936
0.003700, 0.183208
0.003231, 0.183678
0.002375, 0.184533
0.001016, 0.185893
6.282017, 0.188077
6.279133, 0.190961
6.275061, 0.195033
6.269564, 0.200530
6.262014, 0.208080
6.252717, 0.217377
6.241246, 0.228848
6.226594, 0.243500
6.209219, 0.260875
6.189529, 0.280565
6.167871, 0.302222
6.144541, 0.325553
6.119789, 0.350305
6.093828, 0.376266
6.066841, 0.403253
6.038980, 0.431114
6.010377, 0.459717
5.981143, 0.488951
5.951373, 0.518721
5.921147, 0.548947
5.890534, 0.579560
5.859592, 0.610502
5.828370, 0.641724
5.798438, 0.671656
5.770319, 0.699775
5.743739, 0.726355
5.719207, 0.750887
5.696744, 0.773349
5.676557, 0.793537
5.658614, 0.811480
5.642949, 0.827145
5.629219, 0.840875
5.617289, 0.852805
5.607046, 0.863048
5.598239, 0.871855
5.590723, 0.879370
5.584330, 0.885764
5.578891, 0.891203
5.574267, 0.895827
5.570337, 0.899757
5.566997, 0.903097
5.564157, 0.905937
5.561744, 0.908350
5.559692, 0.910402
5.557948, 0.912145
5.556466, 0.913628
5.555206, 0.914887
5.554135, 0.915959
5.553225, 0.916869
5.552451, 0.917643
5.551794, 0.918300
5.551235, 0.918859
5.550760, 0.919334
5.550356, 0.919738
5.550012, 0.920082
5.549721, 0.920373
5.549473, 0.920621
5.549262, 0.920832
5.549083, 0.921011
5.548930, 0.921163
5.548801, 0.921293
5.548691, 0.921403
5.548597, 0.921497
5.548518, 0.921576
5.548450, 0.921644
5.548393, 0.921701
5.548344, 0.921750
5.548302, 0.921792
5.548267, 0.921827
5.548237, 0.921857
5.548211, 0.921883
5.548190, 0.921904
5.548171, 0.921923
5.548156, 0.921938
5.548142, 0.921952
5.548131, 0.921963
5.548121, 0.921973
5.548113, 0.921981
5.548106, 0.921988
5.548100, 0.921994
5.548095, 0.921999
5.548091, 0.922003
5.548087, 0.922007
5.548084, 0.922010
5.548081, 0.922012
5.548079, 0.922015
5.548077, 0.922017
5.548076, 0.922018
5.548075, 0.922019
5.548073, 0.922021
5.548072, 0.922022
5.548071, 0.922023
5.548071, 0.922023
5.548070, 0.922024
5.548070, 0.922024
5.548069, 0.922025
5.548069, 0.922025
5.548068, 0.922026
5.548068, 0.922026
5.548068, 0.922026
5.548068, 0.922026
5.548067, 0.922027
5.548067, 0.922027
5.548067, 0.922027
5.548067, 0.922027
5.548067, 0.922027
5.548067, 0.922027
5.548067, 0.922027
5.548067, 0.922027
5.548067, 0.922027
5.548067, 0.922027
5.548067, 0.922027
5.548067, 0.922027
5.548067, 0.922027
5.548067, 0.922027
5.548067, 0.922027
5.548067, 0.922027
5.548067, 0.922027
5.548067, 0.922027
5.548067, 0.922027
5.548067, 0.922027
5.548067, 0.922027
5.548067, 0.922027
5.548067, 0.922027
5.548067, 0.922027
5.548069, 0.922025
5.548074, 0.922020
5.548152, 0.921942
5.548293, 0.921801
5.548523, 0.921571
5.548897, 0.921197
5.549507, 0.920587
5.550465, 0.919629
5.552232, 0.917862
5.554687, 0.915407
5.558380, 0.911713
5.563127, 0.906967
5.569915, 0.900179
5.578437, 0.891657
5.589263, 0.880831
5.600955, 0.869139
5.613383, 0.856711
5.625909, 0.844185
5.637989, 0.832105
5.649246, 0.820848
5.659805, 0.810289
5.669199, 0.800895
5.677602, 0.792492
5.684984, 0.785110
5.691359, 0.778735
5.696878, 0.773216
5.701621, 0.768473
5.705669, 0.764425
5.709112, 0.760982
5.712038, 0.758055
5.714526, 0.755568
5.716640, 0.753454
5.718437, 0.751656
5.719965, 0.750129
5.721264, 0.748830
5.722367, 0.747727
5.723305, 0.746789
5.724103, 0.745991
5.724781, 0.745313
5.725356, 0.744738
5.725846, 0.744248
5.726267, 0.743827
5.726629, 0.743465
5.726984, 0.743110
5.727334, 0.742760
5.727741, 0.742353
5.728291, 0.741803
5.729163, 0.740931
5.730529, 0.739565
5.732614, 0.737480
5.735308, 0.734786
5.739182, 0.730911
5.744515, 0.725579
5.751780, 0.718314
5.760689, 0.709405
5.772088, 0.698006
5.784704, 0.685390
5.798354, 0.671740
5.812202, 0.657892
5.825788, 0.644306
5.838787, 0.631307
5.850797, 0.619297
5.861662, 0.608432
5.871313, 0.598781
5.879786, 0.590308
5.887103, 0.582990
5.893440, 0.576654
5.898875, 0.571219
5.903497, 0.566597
5.907428, 0.562666
5.910770, 0.559324
5.913610, 0.556484
5.916024, 0.554070
5.918077, 0.552017
5.919821, 0.550273
5.921303, 0.548791
5.922563, 0.547530
5.923635, 0.546459
5.924545, 0.545549
5.925319, 0.544775
5.925977, 0.544117
5.926536, 0.543558
5.927011, 0.543082
5.927416, 0.542678
5.927759, 0.542335
5.928051, 0.542043
5.928302, 0.541792
5.928541, 0.541553
5.928771, 0.541323
5.929052, 0.541042
5.929437, 0.540657
5.930057, 0.540037
5.930875, 0.539219
5.932033, 0.538061
5.933731, 0.536363
5.936157, 0.533937
5.939639, 0.530455
5.944456, 0.525638
5.949862, 0.520232
5.955474, 0.514620
5.960918, 0.509176
5.966217, 0.503877
5.971154, 0.498940
5.975558, 0.494536
5.979411, 0.490683
5.982735, 0.487358
5.985610, 0.484484
5.988060, 0.482034
5.990144, 0.479950
5.991915, 0.478179
5.993422, 0.476672
5.994702, 0.475392
5.995790, 0.474304
5.996714, 0.473380
5.997501, 0.472593
5.998168, 0.471925
5.998736, 0.471358
5.999219, 0.470875
5.999629, 0.470464
5.999978, 0.470116
6.000275, 0.469819
6.000527, 0.469567
6.000741, 0.469353
6.000923, 0.469171
6.001078, 0.469016
6.001209, 0.468885
6.001321, 0.468773
6.001416, 0.468677
6.001497, 0.468597
6.001566, 0.468528
6.001624, 0.468470
6.001674, 0.468420
6.001716, 0.468378
6.001752, 0.468342
6.001782, 0.468312
6.001808, 0.468286
6.001830, 0.468264
6.001849, 0.468245
6.001865, 0.468229
6.001878, 0.468216
6.001890, 0.468204
6.001900, 0.468194
6.001910, 0.468184
6.001935, 0.468159
6.001974, 0.468120
6.002077, 0.468017
6.002289, 0.467804
6.002702, 0.467392
6.003425, 0.466669
6.004602, 0.465492
6.006428, 0.463666
6.009185, 0.460909
6.012733, 0.457361
6.017357, 0.452737
6.023653, 0.446441
6.032119, 0.437975
6.042954, 0.427140
6.054512, 0.415581
6.066686, 0.403408
6.079157, 0.390937
6.091422, 0.378672
6.103107, 0.366987
6.113925, 0.356169
6.123584, 0.346510
6.132255, 0.337839
6.139959, 0.330135
6.146704, 0.323390
6.152533, 0.317561
6.157509, 0.312585
6.161760, 0.308334
6.165375, 0.304719
6.168448, 0.301646
6.171059, 0.299035
6.173279, 0.296815
6.175166, 0.294928
6.176770, 0.293324
6.178133, 0.291961
6.179292, 0.290802
6.180277, 0.289817
6.181114, 0.288980
6.181826, 0.288268
6.182431, 0.287663
6.182945, 0.287149
6.183382, 0.286712
6.183754, 0.286340
6.184069, 0.286025
6.184338, 0.285756
6.184566, 0.285528
6.184760, 0.285334
6.184925, 0.285169
6.185065, 0.285029
6.185184, 0.284910
6.185285, 0.284809
6.185371, 0.284723
6.185445, 0.284649
6.185506, 0.284588
6.185560, 0.284534
6.185604, 0.284490
6.185643, 0.284451
6.185675, 0.284419
6.185702, 0.284392
6.185726, 0.284368
6.185746, 0.284348
6.185763, 0.284331
6.185778, 0.284316
6.185790, 0.284304
6.185800, 0.284294
6.185809, 0.284285
6.185816, 0.284278
6.185823, 0.284271
6.185828, 0.284266
6.185833, 0.284261
6.185837, 0.284257
6.185840, 0.284254
6.185843, 0.284251
6.185845, 0.284249
6.185847, 0.284247
6.185849, 0.284245
6.185850, 0.284243
6.185852, 0.284242
6.185853, 0.284241
6.185854, 0.284240
6.185855, 0.284239
6.185855, 0.284239
6.185856, 0.284238
6.185856, 0.284238
6.185856, 0.284238
6.185857, 0.284237
6.185857, 0.284237
6.185857, 0.284237
6.185857, 0.284237
6.185858, 0.284236
6.185858, 0.284236
6.185858, 0.284236
6.185858, 0.284235
6.185858, 0.284235
6.185858, 0.284235
6.185858, 0.284235
6.185858, 0.284235
6.185858, 0.284235
6.185858, 0.284235
6.185858, 0.284235
6.185858, 0.284235
6.185858, 0.284235
6.185859, 0.284235
6.185859, 0.284235
6.185859, 0.284235
6.185859, 0.284235
6.185859, 0.284235
6.185859, 0.284235
6.185859, 0.284235
6.185859, 0.284235
6.185859, 0.284235
6.185859, 0.284235
6.185859, 0.284235
6.185859, 0.284235
6.185859, 0.284235
6.185859, 0.284235
6.185859, 0.284235
6.185859, 0.284235
6.185859, 0.284235
6.185859, 0.284235
6.185859, 0.284235
6.185859, 0.284235
6.185859, 0.284235
6.185859, 0.284235
6.185859, 0.284235
6.185859, 0.284235
6.185859, 0.284235
6.185859, 0.284235
6.185859, 0.284235
6.185859, 0.284235
6.185859, 0.284235
6.185859, 0.284235
6.185859, 0.284235
6.185859, 0.284235
6.185859, 0.284235
6.185859, 0.284235
6.185859, 0.284235
6.185859, 0.284235
6.185859, 0.284235
6.185859, 0.284235
6.185859, 0.284235
6.185859, 0.284235
6.185859, 0.284235
6.185859, 0.284235
6.185859, 0.284235
6.185859, 0.284235
6.185859, 0.284235
6.185859, 0.284235
6.185859, 0.284235
6.185859, 0.284235
6.185859, 0.284235
6.185859, 0.284235
6.185859, 0.284235
6.185859, 0.284235
6.185859, 0.284235
6.185859, 0.284235
6.185859, 0.284235
6.185859, 0.284235
6.185859, 0.284235
6.185859, 0.284235
6.185859, 0.284235
6.185859, 0.284235
6.185858, 0.284235
6.185852, 0.284242
6.185829, 0.284265
6.185750, 0.284344
6.185542, 0.284552
6.184999, 0.285095
6.183470, 0.286624
6.181102, 0.288992
6.178021, 0.292073
6.173893, 0.296201
6.167911, 0.302182
6.159234, 0.310860
6.148266, 0.321828
6.133454, 0.336640
6.113548, 0.356546
6.089313, 0.380781
6.059466, 0.410627
6.024255, 0.445839
5.984482, 0.485612
5.940833, 0.529261
5.895163, 0.574931
5.849562, 0.620532
5.805402, 0.664692
5.765065, 0.705029
5.727979, 0.742115
5.693654, 0.776440
5.661925, 0.808169
5.633506, 0.836588
5.608539, 0.861554
5.586508, 0.883586
5.567265, 0.902829
5.550729, 0.919365
5.536491, 0.933603
5.524312, 0.945782
5.513917, 0.956177
5.505067, 0.965027
5.497543, 0.972551
5.491147, 0.978947
5.485711, 0.984383
5.481091, 0.989003
5.477163, 0.992931
5.473825, 0.996269
5.470987, 0.999107
5.468575, 1.001518
5.466525, 1.003569
5.464783, 1.005311
5.463301, 1.006793
5.462042, 1.008052
5.460972, 1.009122
5.460062, 1.010032
5.459289, 1.010805
5.458632, 1.011462
5.458073, 1.012021
5.457598, 1.012495
5.457195, 1.012899
5.456852, 1.013242
5.456560, 1.013534
5.456312, 1.013782
5.456101, 1.013993
5.455922, 1.014172
5.455770, 1.014324
5.455640, 1.014453
5.455531, 1.014563
5.455438, 1.014656
5.455358, 1.014736
5.455291, 1.014803
5.455233, 1.014861
5.455184, 1.014910
5.455142, 1.014951
5.455107, 1.014987
5.455077, 1.015016
5.455052, 1.015042
5.455030, 1.015064
5.455012, 1.015082
5.454996, 1.015098
5.454983, 1.015111
5.454972, 1.015122
5.454962, 1.015132
5.454954, 1.015140
5.454947, 1.015147
5.454941, 1.015153
5.454936, 1.015158
5.454932, 1.015162
5.454928, 1.015166
5.454925, 1.015169
5.454923, 1.015171
5.454920, 1.015174
5.454918, 1.015176
5.454917, 1.015177
5.454916, 1.015178
5.454915, 1.015179
5.454913, 1.015180
5.454912, 1.015182
5.454912, 1.015182
5.454911, 1.015183
5.454911, 1.015183
5.454910, 1.015184
5.454910, 1.015184
5.454910, 1.015184
5.454923, 1.015171
5.454949, 1.015145
5.454984, 1.015110
5.455079, 1.015015
5.455297, 1.014797
5.455660, 1.014434
5.456338, 1.013756
5.457563, 1.012531
5.459254, 1.010840
5.461633, 1.008461
5.465058, 1.005035
5.469858, 1.000236
5.476339, 0.993755
5.484983, 0.985111
5.495467, 0.974627
5.508472, 0.961622
5.524447, 0.945647
5.542947, 0.927147
5.563594, 0.906500
5.586064, 0.884030
5.610086, 0.860008
5.635425, 0.834669
5.661885, 0.808209
5.689297, 0.780797
5.717518, 0.752576
5.746428, 0.723666
5.775922, 0.694172
5.804807, 0.665287
5.833173, 0.636921
5.860446, 0.609648
5.886087, 0.584007
5.909519, 0.560575
5.930613, 0.539481
5.949720, 0.520374
5.966768, 0.503326
5.981777, 0.488317
5.994878, 0.475216
6.006267, 0.463827
6.016085, 0.454009
6.024479, 0.445615
6.031631, 0.438463
6.037712, 0.432382
6.042882, 0.427212
6.047278, 0.422816
6.051014, 0.419080
6.054189, 0.415905
6.056889, 0.413205
6.059183, 0.410911
6.061133, 0.408961
6.062791, 0.407303
6.064199, 0.405895
6.065397, 0.404697
6.066415, 0.403679
6.067281, 0.402813
6.068016, 0.402078
6.068642, 0.401452
6.069173, 0.400921
6.069624, 0.400470
6.070008, 0.400086
6.070335, 0.399759
6.070612, 0.399482
6.070848, 0.399246
6.071049, 0.399045
6.071218, 0.398875
6.071363, 0.398731
6.071486, 0.398608
6.071591, 0.398503
6.071680, 0.398414
6.071756, 0.398338
6.071820, 0.398274
6.071875, 0.398219
6.071921, 0.398173
6.071960, 0.398134
6.071994, 0.398100
6.072023, 0.398071
6.072047, 0.398047
6.072067, 0.398026
6.072085, 0.398009
6.072100, 0.397994
6.072112, 0.397982
6.072123, 0.397971
6.072132, 0.397961
6.072140, 0.397954
6.072147, 0.397947
6.072152, 0.397942
6.072157, 0.397937
6.072161, 0.397933
6.072164, 0.397930
6.072168, 0.397926
6.072170, 0.397924
6.072172, 0.397922
6.072174, 0.397920
6.072176, 0.397918
6.072177, 0.397917
6.072178, 0.397916
6.072179, 0.397915
6.072179, 0.397915
6.072180, 0.397914
6.072181, 0.397913
6.072181, 0.397912
6.072182, 0.397912
6.072182, 0.397912
6.072183, 0.397911
6.072183, 0.397911
6.072183, 0.397911
6.072183, 0.397911
6.072183, 0.397911
6.072184, 0.397910
6.072184, 0.397910
6.072184, 0.397910
6.072184, 0.397910
6.072184, 0.397910
6.072184, 0.397910
6.072184, 0.397910
6.072184, 0.397910
6.072184, 0.397910
6.072184, 0.397910
6.072184, 0.397910
6.072184, 0.397910
6.072184, 0.397910
6.072184, 0.397910
6.072184, 0.397910
6.072184, 0.397910
6.072184, 0.397910
6.072184, 0.397910
6.072184, 0.397910
6.072184, 0.397910
6.072184, 0.397910
6.072184, 0.397910
6.072184, 0.397910
6.072184, 0.397910
6.072184, 0.397910
6.072184, 0.397910
6.072184, 0.397910
6.072184, 0.397910
6.072184, 0.397910
6.072184, 0.397910
6.072184, 0.397910
6.072184, 0.397910
6.072184, 0.397910
6.072184, 0.397910
6.072184, 0.397910
6.072184, 0.397910
6.072184, 0.397910
6.072184, 0.397910
6.072184, 0.397910
6.072184, 0.397910
6.072184, 0.397910
6.072184, 0.397910
6.072184, 0.397910
6.072184, 0.397910
6.072184, 0.397910
6.072184, 0.397910
6.072184, 0.397910
6.072184, 0.397910
6.072184, 0.397910
6.072184, 0.397910
6.072184, 0.397910
6.072184, 0.397910
6.072184, 0.397910
6.072184, 0.397910
6.072184, 0.397910
6.072184, 0.397910
6.072184, 0.397910
6.072184, 0.397910
6.072184, 0.397910
6.072184, 0.397910
6.072184, 0.397910
6.072184, 0.397910
6.072184, 0.397910
6.072184, 0.397910
6.072184, 0.397910
6.072184, 0.397910
6.072184, 0.397910
6.072184, 0.397910
6.072184, 0.397910
6.072184, 0.397910
6.072184, 0.397910
6.072184, 0.397910
6.072184, 0.397910
6.072184, 0.397910
6.072184, 0.397910
6.072184, 0.397910
6.072184, 0.397910
6.072184, 0.397910
6.072184, 0.397910
6.072184, 0.397910
6.072184, 0.397910
6.072184, 0.397910
6.072184, 0.397910
6.072184, 0.397910
6.072184, 0.397910
6.072184, 0.397910
6.072184, 0.397910
6.072184, 0.397910
6.072184, 0.397910
6.072184, 0.397910
6.072184, 0.397910
6.072184, 0.397910
6.072184, 0.397910
6.072184, 0.397910
6.072184, 0.397910
6.072184, 0.397910
6.072190, 0.397904
6.072216, 0.397878
6.072273, 0.397821
6.072396, 0.397698
6.072630, 0.397464
6.073063, 0.397031
6.073901, 0.396193
6.075083, 0.395011
6.076576, 0.393518
6.078509, 0.391585
6.080985, 0.389109
6.084225, 0.385869
6.088259, 0.381835
6.093255, 0.376839
6.099452, 0.370642
6.106669, 0.363425
6.114605, 0.355489
6.122083, 0.348011
6.128440, 0.341654
6.133842, 0.336252
6.138435, 0.331659
6.142338, 0.327756
6.145656, 0.324437
6.149422, 0.320672
6.153405, 0.316689
6.157467, 0.312627
6.161472, 0.308621
6.165432, 0.304662
6.169255, 0.300839
6.172886, 0.297208
6.176251, 0.293843
6.179325, 0.290769
6.182102, 0.287992
6.184539, 0.285555
6.186686, 0.283408
6.188554, 0.281540
6.190170, 0.279924
6.191552, 0.278542
6.192729, 0.277365
6.193730, 0.276364
6.194580, 0.275514
6.195303, 0.274791
6.195918, 0.274176
6.196440, 0.273654
6.196884, 0.273210
6.197262, 0.272832
6.197582, 0.272512
6.197855, 0.272239
6.198087, 0.272007
6.198284, 0.271810
6.198451, 0.271643
6.198594, 0.271500
6.198715, 0.271379
6.198817, 0.271277
6.198905, 0.271189
6.198979, 0.271115
6.199042, 0.271052
6.199096, 0.270998
6.199141, 0.270953
6.199180, 0.270914
6.199213, 0.270881
6.199241, 0.270853
6.199265, 0.270829
6.199286, 0.270808
6.199303, 0.270791
6.199317, 0.270777
6.199330, 0.270764
6.199340, 0.270753
6.199349, 0.270745
6.199357, 0.270737
6.199363, 0.270731
6.199369, 0.270725
6.199373, 0.270720
6.199378, 0.270716
6.199377, 0.270717
6.199372, 0.270722
6.199351, 0.270743
6.199272, 0.270822
6.199115, 0.270979
6.198692, 0.271402
6.198043, 0.272051
6.197051, 0.273043
6.195576, 0.274518
6.193405, 0.276689
6.190341, 0.279753
6.186010, 0.284084
6.180336, 0.289758
6.172896, 0.297198
6.163331, 0.306763
6.151233, 0.318861
6.136293, 0.333801
6.118674, 0.351420
6.098776, 0.371318
6.076942, 0.393152
6.053462, 0.416632
6.028582, 0.441512
6.002513, 0.467581
5.976462, 0.493632
5.951020, 0.519074
5.926654, 0.543440
5.903962, 0.566132
5.883085, 0.587009
5.864262, 0.605832
5.847373, 0.622721
5.832298, 0.637796
5.819014, 0.651080
5.807420, 0.662674
5.797357, 0.672737
5.788695, 0.681399
5.781281, 0.688813
5.774965, 0.695129
5.769594, 0.700500
5.765028, 0.705066
5.761148, 0.708946
5.757850, 0.712244
5.755046, 0.715048
5.752663, 0.717431
5.750637, 0.719457
5.748915, 0.721179
5.747452, 0.722642
5.746208, 0.723886
5.745150, 0.724944
5.744252, 0.725842
5.743488, 0.726606
5.742838, 0.727255
5.742286, 0.727808
5.741817, 0.728277
5.741418, 0.728675
5.741079, 0.729015
5.740791, 0.729303
5.740546, 0.729548
5.740338, 0.729756
5.740161, 0.729933
5.740011, 0.730083
5.739883, 0.730211
5.739774, 0.730320
5.739682, 0.730412
5.739603, 0.730491
5.739537, 0.730557
5.739480, 0.730614
5.739432, 0.730662
5.739391, 0.730703
5.739356, 0.730738
5.739326, 0.730768
5.739301, 0.730793
5.739279, 0.730815
5.739261, 0.730833
5.739246, 0.730848
5.739233, 0.730861
5.739222, 0.730872
5.739212, 0.730882
5.739204, 0.730890
5.739197, 0.730897
5.739192, 0.730902
5.739187, 0.730907
5.739182, 0.730911
5.739179, 0.730915
5.739176, 0.730918
5.739173, 0.730921
5.739171, 0.730923
5.739169, 0.730925
5.739168, 0.730926
5.739166, 0.730928
5.739165, 0.730929
5.739164, 0.730930
5.739163, 0.730931
5.739162, 0.730932
5.739162, 0.730932
5.739161, 0.730933
5.739161, 0.730933
5.739161, 0.730933
5.739160, 0.730934
5.739160, 0.730934
5.739160, 0.730934
5.739160, 0.730934
5.739159, 0.730935
5.739159, 0.730935
5.739159, 0.730935
5.739159, 0.730935
5.739159, 0.730935
5.739158, 0.730935
5.739158, 0.730935
5.739158, 0.730935
5.739158, 0.730935
5.739158, 0.730935
5.739158, 0.730935
5.739158, 0.730935
5.739158, 0.730935
5.739158, 0.730935
5.739158, 0.730935
5.739158, 0.730935
5.739158, 0.730935
5.739158, 0.730935
5.739158, 0.730935
5.739158, 0.730935
5.739158, 0.730935
5.739158, 0.730935
5.739158, 0.730935
5.739158, 0.730935
5.739158, 0.730935
5.739158, 0.730935
5.739158, 0.730935
5.739158, 0.730935
5.739158, 0.730935
5.739158, 0.730935
5.739158, 0.730935
5.739158, 0.730935
5.739158, 0.730935
5.739158, 0.730935
5.739158, 0.730935
5.739158, 0.730935
5.739158, 0.730935
5.739158, 0.730935
5.739158, 0.730935
5.739158, 0.730935
5.739158, 0.730935
5.739158, 0.730935
5.739158, 0.730935
5.739158, 0.730935
5.739158, 0.730935
5.739158, 0.730935
5.739158, 0.730935
5.739158, 0.730935
5.739158, 0.730935
5.739158, 0.730935
5.739158, 0.730935
5.739158, 0.730935
5.739158, 0.730935
5.739158, 0.730935
5.739158, 0.730935
5.739158, 0.730935
5.739158, 0.730935
5.739158, 0.730935
5.739158, 0.730935
5.739158, 0.730935
5.739158, 0.730935
5.739158, 0.730935
5.739158, 0.730935
5.739158, 0.730935
5.739158, 0.730935
5.739158, 0.730935
5.739158, 0.730935
5.739158, 0.730935
5.739158, 0.730935
5.739158, 0.730935
5.739158, 0.730935
5.739158, 0.730935
5.739158, 0.730935
5.739158, 0.730935
5.739158, 0.730935
5.739158, 0.730935
5.739158, 0.730935
5.739158, 0.730935
5.739158, 0.730935
5.739158, 0.730935
5.739158, 0.730935
5.739158, 0.730935
5.739158, 0.730935
5.739158, 0.730935
5.739158, 0.730935
5.739158, 0.730935
5.739158, 0.730935
5.739158, 0.730935
5.739158, 0.730935
5.739158, 0.730935
5.739158, 0.730935
5.739158, 0.730935
5.739158, 0.730935
5.739158, 0.730935
5.739158, 0.730935
5.739158, 0.730935
5.739158, 0.730935
5.739158, 0.730935
5.739158, 0.730935
5.739158, 0.730935
5.739158, 0.730935
5.739158, 0.730935
5.739158, 0.730935
5.739158, 0.730935
5.739158, 0.730935
5.739158, 0.730935
5.739158, 0.730935
5.739158, 0.730935
5.739158, 0.730935
5.739158, 0.730935
5.739158, 0.730935
5.739158, 0.730935
5.739158, 0.730935
5.739158, 0.730935
5.739158, 0.730935
5.739158, 0.730935
5.739158, 0.730935
5.739158, 0.730935
5.739158, 0.730935
5.739158, 0.730935
5.739158, 0.730935
5.739158, 0.730935
5.739158, 0.730935
5.739158, 0.730935
5.739158, 0.730935
5.739158, 0.730935
5.739158, 0.730935
5.739158, 0.730935
5.739158, 0.730935
5.739158, 0.730935
5.739158, 0.730935
5.739158, 0.730935
5.739158, 0.730935
5.739158, 0.730935
5.739158, 0.730935
5.739158, 0.730935
5.739158, 0.730935
5.739158, 0.730935
5.739158, 0.730935
5.739158, 0.730935
5.739158, 0.730935
5.739158, 0.730935
5.739158, 0.730935
5.739158, 0.730935
5.739158, 0.730935
5.739158, 0.730935
5.739158, 0.730935
5.739158, 0.730935
5.739158, 0.730935
5.739158, 0.730935
5.739158, 0.730935
5.739158, 0.730935
5.739158, 0.730935
5.739158, 0.730935
5.739158, 0.730935
5.739158, 0.730935
5.739158, 0.730935
5.739158, 0.730935
5.739158, 0.730935
5.739158, 0.730935
5.739158, 0.730935
5.739158, 0.730935
5.739158, 0.730935
5.739158, 0.730935
5.739158, 0.730935
5.739158, 0.730935
5.739158, 0.730935
5.739158, 0.730935
5.739158, 0.730935
5.739158, 0.730935
5.739158, 0.730935
5.739158, 0.730935
5.739158, 0.730935
5.739158, 0.730935
5.739158, 0.730935
5.739158, 0.730935
5.739158, 0.730935
5.739158, 0.730935
5.739158, 0.730935
5.739158, 0.730935
5.739158, 0.730935
5.739158, 0.730935
5.739158, 0.730935
5.739158, 0.730935
5.739158, 0.730935
5.739158, 0.730935
5.739158, 0.730935
5.739158, 0.730935
5.739158, 0.730935
5.739158, 0.730935
5.739158, 0.730935
5.739158, 0.730935
5.739158, 0.730935
5.739158, 0.730935
5.739158, 0.730935
5.739158, 0.730935
5.739158, 0.730935
5.739158, 0.730935
5.739158, 0.730935
5.739158, 0.730935
5.739158, 0.730935
5.739158, 0.730935
5.739158, 0.730935
5.739158, 0.730935
5.739158, 0.730935
5.739158, 0.730935
5.739158, 0.730935
5.739158, 0.730935
5.739158, 0.730935
5.739158, 0.730935
5.739158, 0.730935
5.739158, 0.730935
5.739158, 0.730935
5.739158, 0.730935
5.739158, 0.730935
5.739158, 0.730935
5.739158, 0.730935
5.739158, 0.730935
5.739158, 0.730935
5.739158, 0.730935
5.739158, 0.730935
5.739158, 0.730935
5.739158, 0.730935
5.739158, 0.730935
5.739158, 0.730935
5.739158, 0.730935
5.739158, 0.730935
5.739158, 0.730935
5.739158, 0.730935
5.739158, 0.730935
5.739158, 0.730935
5.739158, 0.730935
5.739158, 0.730935
5.739158, 0.730935
5.739158, 0.730935
5.739158, 0.730935
5.739158, 0.730935
5.739158, 0.730935
5.739158, 0.730935
5.739158, 0.730935
5.739158, 0.730935
5.739158, 0.730935
5.739158, 0.730935
5.739158, 0.730935
5.739158, 0.730935
5.739158, 0.730935
5.739158, 0.730935
5.739158, 0.730935
5.739158, 0.730935
5.739158, 0.730935
5.739158, 0.730935
5.739158, 0.730935
5.739158, 0.730935
5.739158, 0.730935
5.739158, 0.730935
5.739158, 0.730935
5.739158, 0.730935
5.739158, 0.730935
5.739158, 0.730935
5.739158, 0.730935
5.739158, 0.730935
5.739158, 0.730935
5.739158, 0.730935
5.739158, 0.730935
5.739158, 0.730935
5.739158, 0.730935
5.739158, 0.730935
5.739158, 0.730935
5.739158, 0.730935
5.739158, 0.730935
5.739158, 0.730935
5.739158, 0.730935
5.739158, 0.730935
5.739158, 0.730935
5.739158, 0.730935
5.739158, 0.730935
5.739158, 0.730935
5.739158, 0.730935
5.739158, 0.730935
5.739158, 0.730935
5.739158, 0.730935
5.739158, 0.730935
5.739158, 0.730935
5.739158, 0.730935
5.739158, 0.730935
5.739158, 0.730935
5.739158, 0.730935
5.739158, 0.730935
5.739158, 0.730935
5.739158, 0.730935
5.739158, 0.730935
5.739158, 0.730935
5.739158, 0.730935
5.739158, 0.730935
5.739158, 0.730935
5.739158, 0.730935
5.739158, 0.730935
5.739158, 0.730935
5.739158, 0.730935
5.739158, 0.730935
5.739158, 0.730935
5.739158, 0.730935
5.739158, 0.730935
5.739158, 0.730935
5.739158, 0.730935
5.739158, 0.730935
5.739158, 0.730935
5.739158, 0.730935
5.739158, 0.730935
5.739158, 0.730935
5.739158, 0.730935
5.739158, 0.730935
5.739158, 0.730935
5.739158, 0.730935
5.739158, 0.730935
5.739158, 0.730935
5.739158, 0.730935
5.739158, 0.730935
5.739158, 0.730935
5.739158, 0.730935
5.739158, 0.730935
5.739158, 0.730935
5.739158, 0.730935
5.739158, 0.730935
5.739158, 0.730935
5.739158, 0.730935
5.739158, 0.730935
5.739158, 0.730935
5.739158, 0.730935
5.739158, 0.730935
5.739158, 0.730935
5.739158, 0.730935
5.739158, 0.730935
5.739158, 0.730935
5.739158, 0.730935
5.739158, 0.730935
5.739158, 0.730935
5.739158, 0.730935
5.739158, 0.730935
5.739158, 0.730935
5.739158, 0.730935
5.739158, 0.730935
5.739158, 0.730935
5.739158, 0.730935
5.739158, 0.730935
5.739158, 0.730935
5.739158, 0.730935
5.739158, 0.730935
5.739158, 0.730935
5.739158, 0.730935
5.739158, 0.730935
5.739158, 0.730935
5.739158, 0.730935
5.739158, 0.730935
5.739158, 0.730935
5.739158, 0.730935
5.739158, 0.730935
5.739158, 0.730935
5.739158, 0.730935
5.739158, 0.730935
5.739158, 0.730935
5.739158, 0.730935
5.739158, 0.730935
5.739158, 0.730935
5.739158, 0.730935
5.739158, 0.730935
5.739158, 0.730935
5.739158, 0.730935
5.739158, 0.730935
5.739158, 0.730935
5.739158, 0.730935
5.739158, 0.730935
5.739158, 0.730935
5.739158, 0.730935
5.739158, 0.730935
5.739158, 0.730935
5.739158, 0.730935
5.739158, 0.730935
5.739158, 0.730935
5.739158, 0.730935
5.739158, 0.730935
5.739158, 0.730935
5.739158, 0.730935
5.739158, 0.730935
5.739158, 0.730935
5.739158, 0.730935
5.739158, 0.730935
5.739158, 0.730935
5.739158, 0.730935
5.739158, 0.730935
5.739158, 0.730935
5.739158, 0.730935
5.739158, 0.730935
5.739158, 0.730935
5.739158, 0.730935
5.739158, 0.730935
5.739158, 0.730935
5.739158, 0.730935
5.739158, 0.730935
5.739158, 0.730935
5.739158, 0.730935
5.739158, 0.730935
5.739158, 0.730935
5.739158, 0.730935
5.739158, 0.730935
5.739158, 0.730935
5.739158, 0.730935
5.739158, 0.730935
5.739158, 0.730935
5.739158, 0.730935
5.739158, 0.730935
5.739158, 0.730935
5.739158, 0.730935
5.739158, 0.730935
5.739158, 0.730935
5.739158, 0.730935
5.739158, 0.730935
5.739158, 0.730935
5.739158, 0.730935
5.739158, 0.730935
5.739158, 0.730935
5.739158, 0.730935
5.739158, 0.730935
5.739158, 0.730935
5.739158, 0.730935
5.739158, 0.730935
5.739158, 0.730935
5.739158, 0.730935
5.739158, 0.730935
5.739158, 0.730935
5.739158, 0.730935
5.739158, 0.730935
5.739158, 0.730935
5.739158, 0.730935
5.739158, 0.730935
5.739158, 0.730935
5.739158, 0.730935
5.739158, 0.730935
5.739158, 0.730935
5.739158, 0.730935
5.739158, 0.730935
5.739158, 0.730935
5.739158, 0.730935
5.739158, 0.730935
5.739158, 0.730935
5.739158, 0.730935
5.739158, 0.730935
5.739158, 0.730935
5.739158, 0.730935
5.739158, 0.730935
5.739158, 0.730935
5.739158, 0.730935
5.739158, 0.730935
5.739158, 0.730935
5.739158, 0.730935
5.739158, 0.730935
5.739158, 0.730935
5.739158, 0.730935
5.739158, 0.730935
5.739158, 0.730935
5.739158, 0.730935
5.739158, 0.730935
5.739158, 0.730935
5.739158, 0.730935
5.739158, 0.730935
5.739158, 0.730935
5.739158, 0.730935
5.739158, 0.730935
5.739158, 0.730935
5.739158, 0.730935
5.739158, 0.730935
5.739158, 0.730935
5.739158, 0.730935
5.739158, 0.730935
5.739158, 0.730935
5.739158, 0.730935
5.739158, 0.730935
5.739158, 0.730935
5.739158, 0.730935
5.739158, 0.730935
5.739158, 0.730935
5.739158, 0.730935
5.739158, 0.730935
5.739158, 0.730935
5.739158, 0.730935
5.739158, 0.730935
5.739158, 0.730935
5.739158, 0.730935
5.739158, 0.730935
5.739158, 0.730935
5.739158, 0.730935
5.739158, 0.730935
5.739158, 0.730935
5.739158, 0.730935
5.739158, 0.730935
5.739158, 0.730935
5.739158, 0.730935
5.739158, 0.730935
5.739158, 0.730935
5.739158, 0.730935
5.739158, 0.730935
5.739158, 0.730935
5.739158, 0.730935
5.739158, 0.730935
5.739158, 0.730935
5.739158, 0.730935
5.739158, 0.730935
5.739158, 0.730935
5.739158, 0.730935
5.739158, 0.730935
5.739158, 0.730935
5.739158, 0.730935
5.739158, 0.730935
5.739158, 0.730935
5.739158, 0.730935
5.739158, 0.730935
5.739158, 0.730935
5.739158, 0.730935
5.739158, 0.730935
5.739158, 0.730935
5.739158, 0.730935
5.739158, 0.730935
5.739158, 0.730935
5.739158, 0.730935
5.739158, 0.730935
5.739158, 0.730935
5.739158, 0.730935
5.739158, 0.730935
5.739158, 0.730935
5.739158, 0.730935
5.739158, 0.730935
5.739158, 0.730935
5.739158, 0.730935
5.739158, 0.730935
5.739158, 0.730935
5.739158, 0.730935
5.739158, 0.730935
5.739158, 0.730935
5.739158, 0.730935
5.739158, 0.730935
5.739158, 0.730935
5.739158, 0.730935
5.739158, 0.730935
5.739158, 0.730935
5.739158, 0.730935
5.739158, 0.730935
5.739158, 0.730935
5.739158, 0.730935
5.739158, 0.730935
5.739158, 0.730935
5.739158, 0.730935
5.739158, 0.730935
5.739158, 0.730935
5.739158, 0.730935
5.739158, 0.730935
5.739158, 0.730935
5.739158, 0.730935
5.739158, 0.730935
5.739158, 0.730935
5.739158, 0.730935
5.739158, 0.730935
5.739158, 0.730935
5.739158, 0.730935
5.739158, 0.730935
5.739158, 0.730935
5.739158, 0.730935
5.739158, 0.730935
5.739158, 0.730935
5.739158, 0.730935
5.739158, 0.730935
5.739158, 0.730935
5.739158, 0.730935
5.739158, 0.730935
5.739158, 0.730935
5.739158, 0.730935
5.739158, 0.730935
5.739158, 0.730935
5.739158, 0.730935
5.739158, 0.730935
5.739158, 0.730935
5.739158, 0.730935
5.739158, 0.730935
5.739158, 0.730935
5.739158, 0.730935
5.739158, 0.730935
5.739158, 0.730935
5.739158, 0.730935
5.739158, 0.730935
5.739158, 0.730935
5.739158, 0.730935
5.739158, 0.730935
5.739158, 0.730935
5.739158, 0.730935
5.739158, 0.730935
5.739158, 0.730935
5.739158, 0.730935
5.739158, 0.730935
5.739158, 0.730935
5.739158, 0.730935
5.739158, 0.730935
5.739158, 0.730935
5.739158, 0.730935
5.739158, 0.730935
5.739158, 0.730935
5.739158, 0.730935
5.739158, 0.730935
5.739158, 0.730935
5.739158, 0.730935
5.739158, 0.730935
5.739158, 0.730935
5.739158, 0.730935
5.739158, 0.730935
5.739158, 0.730935
5.739158, 0.730935
5.739158, 0.730935
5.739158, 0.730935
5.739158, 0.730935
5.739158, 0.730935
5.739158, 0.730935
5.739158, 0.730935
5.739158, 0.730935
5.739158, 0.730935
5.739158, 0.730935
5.739158, 0.730935
5.739158, 0.730935
5.739158, 0.730935
5.739158, 0.730935
5.739158, 0.730935
5.739158, 0.730935
5.739158, 0.730935
5.739158, 0.730935
5.739158, 0.730935
5.739158, 0.730935
5.739158, 0.730935
5.739158, 0.730935
5.739158, 0.730935
5.739158, 0.730935
5.739158, 0.730935
5.739158, 0.730935
5.739158, 0.730935
5.739158, 0.730935
5.739158, 0.730935
5.739158, 0.730935
5.739158, 0.730935
5.739158, 0.730935
5.739158, 0.730935
5.739158, 0.730935
5.739158, 0.730935
5.739158, 0.730935
5.739158, 0.730935
5.739158, 0.730935
5.739158, 0.730935
5.739158, 0.730935
5.739158, 0.730935
5.739158, 0.730935
5.739158, 0.730935
5.739158, 0.730935
5.739158, 0.730935
5.739158, 0.730935
5.739158, 0.730935
5.739158, 0.730935
5.739158, 0.730935
5.739158, 0.730935
5.739158, 0.730935
5.739158, 0.730935
5.739158, 0.730935
5.739158, 0.730935
5.739158, 0.730935
5.739158, 0.730935
5.739158, 0.730935
5.739158, 0.730935
5.739158, 0.730935
5.739158, 0.730935
5.739158, 0.730935
5.739158, 0.730935
5.739158, 0.730935
5.739158, 0.730935
5.739158, 0.730935
5.739158, 0.730935
5.739158, 0.730935
5.739158, 0.730935
5.739158, 0.730935
5.739158, 0.730935
5.739158, 0.730935
5.739158, 0.730935
5.739158, 0.730935
5.739158, 0.730935
5.739158, 0.730935
5.739158, 0.730935
5.739158, 0.730935
5.739158, 0.730935
5.739158, 0.730935
5.739158, 0.730935
5.739158, 0.730935
5.739158, 0.730935
5.739158, 0.730935
5.739158, 0.730935
5.739158, 0.730935
5.739158, 0.730935
5.739158, 0.730935
5.739158, 0.730935
5.739158, 0.730935
5.739158, 0.730935
5.739158, 0.730935
5.739158, 0.730935
5.739158, 0.730935
5.739158, 0.730935
5.739158, 0.730935
5.739158, 0.730935
5.739158, 0.730935
5.739158, 0.730935
5.739158, 0.730935
5.739158, 0.730935
5.739158, 0.730935
5.739158, 0.730935
5.739158, 0.730935
5.739158, 0.730935
5.739158, 0.730935
5.739158, 0.730935
5.739158, 0.730935
5.739158, 0.730935
5.739158, 0.730935
5.739158, 0.730935
5.739158, 0.730935
5.739158, 0.730935
5.739158, 0.730935
5.739158, 0.730935
5.739158, 0.730935
5.739158, 0.730935
5.739158, 0.730935
5.739158, 0.730935
5.739158, 0.730935
5.739158, 0.730935
5.739158, 0.730935
5.739158, 0.730935
5.739158, 0.730935
5.739158, 0.730935
5.739158, 0.730935
5.739158, 0.730935
5.739158, 0.730935
5.739158, 0.730935
5.739158, 0.730935
5.739158, 0.730935
5.739158, 0.730935
5.739158, 0.730935
5.739158, 0.730935
5.739158, 0.730935
5.739158, 0.730935
5.739158, 0.730935
5.739158, 0.730935
5.739158, 0.730935
5.739158, 0.730935
5.739158, 0.730935
5.739158, 0.730935
5.739158, 0.730935
5.739158, 0.730935
5.739158, 0.730935
5.739158, 0.730935
5.739158, 0.730935
5.739158, 0.730935
5.739158, 0.730935
5.739158, 0.730935
5.739158, 0.730935
5.739158, 0.730935
5.739158, 0.730935
5.739158, 0.730935
5.739158, 0.730935
5.739158, 0.730935
5.739158, 0.730935
5.739158, 0.730935
5.739158, 0.730935
5.739158, 0.730935
5.739158, 0.730935
5.739158, 0.730935
5.739158, 0.730935
5.739158, 0.730935
5.739158, 0.730935
5.739158, 0.730935
5.739158, 0.730935
5.739158, 0.730935
5.739158, 0.730935
5.739158, 0.730935
5.739158, 0.730935
5.739158, 0.730935
5.739158, 0.730935
5.739158, 0.730935
5.739158, 0.730935
5.739158, 0.730935
5.739158, 0.730935
5.739158, 0.730935
5.739158, 0.730935
5.739158, 0.730935
5.739158, 0.730935
5.739158, 0.730935
5.739158, 0.730935
5.739158, 0.730935
5.739158, 0.730935
5.739158, 0.730935
5.739158, 0.730935
5.739158, 0.730935
5.739158, 0.730935
5.739158, 0.730935
5.739158, 0.730935
5.739158, 0.730935
5.739158, 0.730935
5.739158, 0.730935
5.739158, 0.730935
5.739158, 0.730935
5.739158, 0.730935
5.739158, 0.730935
5.739158, 0.730935
5.739158, 0.730935
5.739158, 0.730935
5.739158, 0.730935
5.739158, 0.730935
5.739158, 0.730935
5.739158, 0.730935
5.739158, 0.730935
5.739158, 0.730935
5.739158, 0.730935
5.739158, 0.730935
5.739158, 0.730935
5.739158, 0.730935
5.739158, 0.730935
5.739158, 0.730935
5.739158, 0.730935
5.739158, 0.730935
5.739158, 0.730935
5.739158, 0.730935
5.739158, 0.730935
5.739158, 0.730935
5.739158, 0.730935
5.739158, 0.730935
5.739158, 0.730935
5.739158, 0.730935
5.739158, 0.730935
5.739158, 0.730935
5.739158, 0.730935
5.739158, 0.730935
5.739158, 0.730935
5.739158, 0.730935
5.739158, 0.730935
5.739158, 0.730935
5.739158, 0.730935
5.739158, 0.730935
5.739158, 0.730935
5.739158, 0.730935
5.739158, 0.730935
5.739158, 0.730935
5.739158, 0.730935
5.739158, 0.730935
5.739158, 0.730935
5.739158, 0.730935
5.739158, 0.730935
5.739158, 0.730935
5.739158, 0.730935
5.739158, 0.730935
5.739158, 0.730935
5.739158, 0.730935
5.739158, 0.730935
5.739158, 0.730935
5.739158, 0.730935
5.739158, 0.730935
5.739158, 0.730935
5.739158, 0.730935
5.739158, 0.730935
5.739158, 0.730935
5.739158, 0.730935
5.739158, 0.730935
5.739158, 0.730935
5.739158, 0.730935
5.739158, 0.730935
5.739158, 0.730935
5.739158, 0.730935
5.739158, 0.730935
5.739158, 0.730935
5.739158, 0.730935
5.739158, 0.730935
5.739158, 0.730935
5.739158, 0.730935
5.739158, 0.730935
5.739158, 0.730935
5.739158, 0.730935
5.739158, 0.730935
5.739158, 0.730935
5.739158, 0.730935
5.739158, 0.730935
5.739158, 0.730935
5.739158, 0.730935
5.739158, 0.730935
5.739158, 0.730935
5.739158, 0.730935
5.739158, 0.730935
5.739158, 0.730935
5.739158, 0.730935
5.739158, 0.730935
5.739158, 0.730935
5.739158, 0.730935
5.739158, 0.730935
5.739158, 0.730935
5.739158, 0.730935
5.739158, 0.730935
5.739158, 0.730935
5.739158, 0.730935
5.739158, 0.730935
5.739158, 0.730935
5.739158, 0.730935
5.739158, 0.730935
5.739158, 0.730935
5.739158, 0.730935
5.739158, 0.730935
5.739158, 0.730935
5.739158, 0.730935
5.739158, 0.730935
5.739158, 0.730935
5.739158, 0.730935
5.739158, 0.730935
5.739158, 0.730935
5.739158, 0.730935
5.739158, 0.730935
5.739158, 0.730935
5.739158, 0.730935
5.739158, 0.730935
5.739158, 0.730935
5.739158, 0.730935
5.739158, 0.730935
5.739158, 0.730935
5.739158, 0.730935
5.739158, 0.730935
5.739158, 0.730935
5.739158, 0.730935
5.739158, 0.730935
5.739158, 0.730935
5.739158, 0.730935
5.739158, 0.730935
5.739158, 0.730935
5.739158, 0.730935
5.739158, 0.730935
5.739158, 0.730935
5.739158, 0.730935
5.739158, 0.730935
5.739158, 0.730935
5.739158, 0.730935
5.739158, 0.730935
5.739158, 0.730935
5.739158, 0.730935
5.739158, 0.730935
5.739158, 0.730935
5.739158, 0.730935
5.739158, 0.730935
5.739158, 0.730935
5.739158, 0.730935
5.739158, 0.730935
5.739158, 0.730935
5.739158, 0.730935
5.739158, 0.730935
5.739158, 0.730935
5.739158, 0.730935
5.739158, 0.730935
5.739158, 0.730935
5.739158, 0.730935
5.739158, 0.730935
5.739158, 0.730935
5.739158, 0.730935
5.739158, 0.730935
5.739158, 0.730935
5.739158, 0.730935
5.739158, 0.730935
5.739158, 0.730935
5.739158, 0.730935
5.739158, 0.730935
5.739158, 0.730935
5.739158, 0.730935
5.739158, 0.730935
5.739158, 0.730935
5.739158, 0.730935
5.739158, 0.730935
5.739158, 0.730935
5.739158, 0.730935
5.739158, 0.730935
5.739158, 0.730935
5.739158, 0.730935
5.739158, 0.730935
5.739158, 0.730935
5.739158, 0.730935
5.739158, 0.730935
5.739158, 0.730935
5.739158, 0.730935
5.739158, 0.730935
5.739158, 0.730935
5.739158, 0.730935
5.739158, 0.730935
5.739158, 0.730935
5.739158, 0.730935
5.739158, 0.730935
5.739158, 0.730935
5.739158, 0.730935
5.739158, 0.730935
5.739158, 0.730935
5.739158, 0.730935
5.739158, 0.730935
5.739158, 0.730935
5.739158, 0.730935
5.739158, 0.730935
5.739158, 0.730935
5.739158, 0.730935
5.739158, 0.730935
5.739158, 0.730935
5.739158, 0.730935
5.739158, 0.730935
5.739158, 0.730935
5.739158, 0.730935
5.739158, 0.730935
5.739158, 0.730935
5.739158, 0.730935
5.739158, 0.730935
5.739158, 0.730935
5.739158, 0.730935
5.739158, 0.730935
5.739158, 0.730935
5.739158, 0.730935
5.739158, 0.730935
5.739158, 0.730935
5.739158, 0.730935
5.739158, 0.730935
5.739158, 0.730935
5.739158, 0.730935
5.739158, 0.730935
5.739158, 0.730935
5.739158, 0.730935
5.739158, 0.730935
5.739158, 0.730935
5.739158, 0.730935
5.739158, 0.730935
5.739158, 0.730935
5.739158, 0.730935
5.739158, 0.730935
5.739158, 0.730935
5.739158, 0.730935
5.739158, 0.730935
5.739158, 0.730935
5.739158, 0.730935
5.739158, 0.730935
5.739158, 0.730935
5.739158, 0.730935
5.739158, 0.730935
5.739158, 0.730935
5.739158, 0.730935
5.739158, 0.730935
5.739158, 0.730935
5.739158, 0.730935
5.739158, 0.730935
5.739158, 0.730935
5.739158, 0.730935
5.739158, 0.730935
5.739158, 0.730935
5.739158, 0.730935
5.739158, 0.730935
5.739158, 0.730935
5.739158, 0.730935
5.739158, 0.730935
5.739158, 0.730935
5.739158, 0.730935
5.739158, 0.730935
5.739158, 0.730935
5.739158, 0.730935
5.739158, 0.730935
5.739158, 0.730935
5.739158, 0.730935
5.739158, 0.730935
5.739158, 0.730935
5.739158, 0.730935
5.739158, 0.730935
5.739158, 0.730935
5.739158, 0.730935
5.739158, 0.730935
5.739158, 0.730935
5.739158, 0.730935
5.739158, 0.730935
5.739158, 0.730935
5.739158, 0.730935
5.739158, 0.730935
5.739158, 0.730935
5.739158, 0.730935
5.739158, 0.730935
5.739158, 0.730935
5.739158, 0.730935
5.739158, 0.730935
5.739158, 0.730935
5.739158, 0.730935
5.739158, 0.730935
5.739158, 0.730935
5.739158, 0.730935
5.739158, 0.730935
5.739158, 0.730935
5.739158, 0.730935
5.739158, 0.730935
5.739158, 0.730935
5.739158, 0.730935
5.739158, 0.730935
5.739158, 0.730935
5.739158, 0.730935
5.739158, 0.730935
5.739158, 0.730935
5.739158, 0.730935
5.739158, 0.730935
5.739158, 0.730935
5.739158, 0.730935
5.739158, 0.730935
5.739158, 0.730935
5.739158, 0.730935
5.739158, 0.730935
5.739158, 0.730935
5.739158, 0.730935
5.739158, 0.730935
5.739158, 0.730935
5.739158, 0.730935
5.739158, 0.730935
5.739158, 0.730935
5.739158, 0.730935
5.739158, 0.730935
5.739158, 0.730935
5.739158, 0.730935
5.739158, 0.730935
5.739158, 0.730935
5.739158, 0.730935
5.739158, 0.730935
5.739158, 0.730935
5.739158, 0.730935
5.739158, 0.730935
5.739158, 0.730935
5.739158, 0.730935
5.739158, 0.730935
5.739158, 0.730935
5.739158, 0.730935
5.739158, 0.730935
5.739158, 0.730935
5.739158, 0.730935
5.739158, 0.730935
5.739158, 0.730935
5.739158, 0.730935
5.739158, 0.730935
5.739158, 0.730935
5.739158, 0.730935
5.739158, 0.730935
5.739158, 0.730935
5.739158, 0.730935
5.739158, 0.730935
5.739158, 0.730935
5.739158, 0.730935
5.739158, 0.730935
5.739158, 0.730935
5.739158, 0.730935
5.739158, 0.730935
5.739158, 0.730935
5.739158, 0.730935
5.739158, 0.730935
5.739158, 0.730935
5.739158, 0.730935
5.739158, 0.730935
5.739158, 0.730935
5.739158, 0.730935
5.739158, 0.730935
5.739158, 0.730935
5.739158, 0.730935
5.739158, 0.730935
5.739158, 0.730935
5.739158, 0.730935
5.739158, 0.730935
5.739158, 0.730935
5.739158, 0.730935
5.739158, 0.730935
5.739158, 0.730935
5.739158, 0.730935
5.739158, 0.730935
5.739158, 0.730935
5.739158, 0.730935
5.739158, 0.730935
5.739158, 0.730935
5.739158, 0.730935
5.739158, 0.730935
5.739158, 0.730935
5.739158, 0.730935
5.739158, 0.730935
5.739158, 0.730935
5.739158, 0.730935
5.739158, 0.730935
5.739158, 0.730935
5.739158, 0.730935
5.739158, 0.730935
5.739158, 0.730935
5.739158, 0.730935
5.739158, 0.730935
5.739158, 0.730935
5.739158, 0.730935
5.739158, 0.730935
5.739158, 0.730935
5.739158, 0.730935
5.739158, 0.730935
5.739158, 0.730935
5.739158, 0.730935
5.739158, 0.730935
5.739158, 0.730935
5.739158, 0.730935
5.739158, 0.730935
5.739158, 0.730935
5.739158, 0.730935
5.739158, 0.730935
5.739158, 0.730935
5.739158, 0.730935
5.739158, 0.730935
5.739158, 0.730935
5.739158, 0.730935
5.739158, 0.730935
5.739158, 0.730935
5.739158, 0.730935
5.739158, 0.730935
5.739158, 0.730935
5.739158, 0.730935
5.739158, 0.730935
5.739158, 0.730935
5.739158, 0.730935
5.739158, 0.730935
5.739158, 0.730935
5.739158, 0.730935
5.739158, 0.730935
5.739158, 0.730935
5.739158, 0.730935
5.739158, 0.730935
5.739158, 0.730935
5.739158, 0.730935
5.739158, 0.730935
5.739158, 0.730935
5.739158, 0.730935
5.739158, 0.730935
5.739158, 0.730935
5.739158, 0.730935
5.739158, 0.730935
5.739158, 0.730935
5.739158, 0.730935
5.739158, 0.730935
5.739158, 0.730935
5.739158, 0.730935
5.739158, 0.730935
5.739158, 0.730935
5.739158, 0.730935
5.739158, 0.730935
5.739158, 0.730935
5.739158, 0.730935
5.739158, 0.730935
5.739158, 0.730935
5.739158, 0.730935
5.739158, 0.730935
5.739158, 0.730935
5.739158, 0.730935
5.739158, 0.730935
5.739158, 0.730935
5.739158, 0.730935
5.739158, 0.730935
5.739158, 0.730935
5.739158, 0.730935
5.739158, 0.730935
5.739158, 0.730935
5.739158, 0.730935
5.739158, 0.730935
5.739158, 0.730935
5.739158, 0.730935
5.739158, 0.730935
5.739158, 0.730935
5.739158, 0.730935
5.739158, 0.730935
5.739158, 0.730935
5.739158, 0.730935
5.739158, 0.730935
5.739158, 0.730935
5.739158, 0.730935
5.739158, 0.730935
5.739158, 0.730935
5.739158, 0.730935
5.739158, 0.730935
5.739158, 0.730935
5.739158, 0.730935
5.739158, 0.730935
5.739158, 0.730935
5.739158, 0.730935
5.739158, 0.730935
5.739158, 0.730935
5.739158, 0.730935
5.739158, 0.730935
5.739158, 0.730935
5.739158, 0.730935
5.739158, 0.730935
5.739158, 0.730935
5.739158, 0.730935
5.739158, 0.730935
5.739158, 0.730935
5.739158, 0.730935
5.739158, 0.730935
5.739158, 0.730935
5.739158, 0.730935
5.739158, 0.730935
5.739158, 0.730935
5.739158, 0.730935
5.739158, 0.730935
5.739158, 0.730935
